[{"model": "admin_interface.theme", "pk": 1, "fields": {"name": "Django", "active": true, "title": "Django administration", "title_color": "#F5DD5D", "title_visible": true, "logo": "", "logo_color": "#FFFFFF", "logo_max_width": 400, "logo_max_height": 100, "logo_visible": true, "favicon": "", "env_name": "", "env_color": "#E74C3C", "env_visible_in_header": true, "env_visible_in_favicon": true, "language_chooser_active": true, "language_chooser_control": "default-select", "language_chooser_display": "code", "css_header_background_color": "#0C4B33", "css_header_text_color": "#44B78B", "css_header_link_color": "#FFFFFF", "css_header_link_hover_color": "#C9F0DD", "css_module_background_color": "#44B78B", "css_module_background_selected_color": "#FFFFCC", "css_module_text_color": "#FFFFFF", "css_module_link_color": "#FFFFFF", "css_module_link_selected_color": "#FFFFFF", "css_module_link_hover_color": "#C9F0DD", "css_module_rounded_corners": true, "css_generic_link_color": "#0C3C26", "css_generic_link_hover_color": "#156641", "css_generic_link_active_color": "#29B864", "css_save_button_background_color": "#0C4B33", "css_save_button_background_hover_color": "#0C3C26", "css_save_button_text_color": "#FFFFFF", "css_delete_button_background_color": "#BA2121", "css_delete_button_background_hover_color": "#A41515", "css_delete_button_text_color": "#FFFFFF", "related_modal_active": true, "related_modal_background_color": "#000000", "related_modal_background_opacity": "0.3", "related_modal_rounded_corners": true, "related_modal_close_button_visible": true, "list_filter_highlight": true, "list_filter_dropdown": true, "list_filter_sticky": true, "list_filter_removal_links": false, "foldable_apps": true, "show_fieldsets_as_tabs": false, "show_inlines_as_tabs": false, "collapsible_stacked_inlines": false, "collapsible_stacked_inlines_collapsed": true, "collapsible_tabular_inlines": false, "collapsible_tabular_inlines_collapsed": true, "recent_actions_visible": true, "form_submit_sticky": false, "form_pagination_sticky": false}}, {"model": "sites.site", "pk": 1, "fields": {"domain": "example.com", "name": "example.com"}}, {"model": "user_sessions.session", "pk": "2bnsc1kbamsmt5c61cavh1f2vk9m3r2w", "fields": {"session_data": "e30:1uh83b:aQdC_7pmoGQ6gJqFSaTWTVj6gr0iX5rI4Hq2Ez0zlTc", "expire_date": "2025-08-13T14:45:27.662Z", "user": null, "user_agent": "Mozilla/5.0 (iPhone; CPU iPhone OS 19_0 like Mac OS X) AppleWebKit/605.1.15 (KHTML, like Gecko) Version/26.0 Mobile/15E148 Safari/604.1", "last_activity": "2025-07-30T14:45:27.664Z", "ip": "104.28.37.228"}}, {"model": "user_sessions.session", "pk": "2kmtil7hpsnxmgxmzuu0jpj6ijl4u0hn", "fields": {"session_data": ".eJxVjEEOwiAQRe_C2pBOBwRcuu8ZyACDVA0kpV0Z765NutDtf-_9l_C0rcVvnRc_J3ERozj9boHig-sO0p3qrcnY6rrMQe6KPGiXU0v8vB7u30GhXr61DibbqGxIAGgjoFLDwAiYcUQMOjI4A2wUnBHRZoScnCYdNJFjtuL9AcIjNz0:1uZSEK:4dXwcAM6xEEb1PzsZK93IWe4PGeknsOFOfqHj_dx9DY", "expire_date": "2025-07-23T10:40:48.600Z", "user": 2, "user_agent": "Mozilla/5.0 (X11; Linux x86_64) AppleWebKit/537.36 (KHTML, like Gecko) Chrome/138.0.0.0 Safari/537.36", "last_activity": "2025-07-09T10:40:48.600Z", "ip": "157.51.222.117"}}, {"model": "user_sessions.session", "pk": "326s1pfwqn18ohbc1ol37idpwmcwtp72", "fields": {"session_data": "e30:1uZkCj:m0E3mgh2mnpVzJZPLMbuki3L1PUtiRi1cByM-eHrlcM", "expire_date": "2025-07-24T05:52:21.710Z", "user": null, "user_agent": "Mozilla/5.0 (iPhone; CPU iPhone OS 19_0 like Mac OS X) AppleWebKit/605.1.15 (KHTML, like Gecko) Version/26.0 Mobile/15E148 Safari/604.1", "last_activity": "2025-07-10T05:52:21.713Z", "ip": "104.28.37.228"}}, {"model": "user_sessions.session", "pk": "34mu6ccboezy3oktui7stezqzbcdgb2d", "fields": {"session_data": ".eJxVj8tSxCAQRf8lWw0hBBLJ0r0791QHmoSZQEYeTlmW_y6pmoVu-95zuvu7UVDypkrCqJxp5magzfPf4QL6iuFMzAXCehB9hBzdQs4KeaSJvB0G99dH959gg7RVGvXE0ZjRjsgHKoSx_TAhl4wOC4LUyDW3qIUVYLgZ5YsQFgTYyQAwKXmV7pCygpTcGjyGrPSG-qqy81j9jDLR0qll7L3vZz7NnBEpB8rpE6UzPb_SJcaT-3R4VyXuldpyvqW56y7gHYDxLmC8kRUhfJE7Lsll7HxdizF1ET8KptymsnhXrzhC1_z8Ana9a6A:1ueDGg:KoPt4gr70824-b4LYlJMY0E6Z79ZOlzuEazX5peOYwI", "expire_date": "2025-08-05T13:42:54.575Z", "user": 30, "user_agent": "Mozilla/5.0 (Linux; Android 10; K) AppleWebKit/537.36 (KHTML, like Gecko) Chrome/138.0.0.0 Mobile Safari/537.36", "last_activity": "2025-07-22T13:42:54.576Z", "ip": "157.51.220.226"}}, {"model": "user_sessions.session", "pk": "3farsbg2ir3y1go5ti9og2cyzjj03d8p", "fields": {"session_data": ".eJxVjsFyAiEQRP-FcwKLQjZ49O43UAMzuBiXVQZipVL597hVHvTar_tV_woPvU2-M1WfUeyEFm_PWYD4RWUFeIJyXGRcSqs5yLUiH5TlYUE67x_dF8EEPN3XwVgwLmlKo8WNHeMH4lbTNsEAAJsxaUOWXLLGYLJuDFEP6Ci6TxdcGtZXsddKpfnvTDff6_lunVq78E6pE8wZAOdcqF7kkaD8yBsFzo3UDNyosqp07cTtnXuYM3NeihJ__yUUWO0:1uYkf0:e9XbCGt1_mXJE3hPPn6KHmmyqbNoOaq574OTIFfSjmc", "expire_date": "2025-07-21T12:09:26.803Z", "user": 1, "user_agent": "Mozilla/5.0 (Linux; Android 10; K) AppleWebKit/537.36 (KHTML, like Gecko) Chrome/137.0.0.0 Mobile Safari/537.36", "last_activity": "2025-07-07T12:09:26.803Z", "ip": "157.51.215.41"}}, {"model": "user_sessions.session", "pk": "4nmr2e9skw8q72zhlbts0v9dp0i5ube4", "fields": {"session_data": ".eJxVjDsOwjAQBe_iFrA2jteJU9LT0Vsb75qEjyNhUyHuTpAooH0zb54q0KNO4VHkHmZWg2pBbX_HkeJF8ofwmfJp0XHJ9T6P-qPoLy36sLBc91_3LzBRmda3xM4Ks0tObAuInJq2E-sNtKOQj2KjTRIxIbFl53vEREipYyLjvV2jVyo1UCnzKd8k1xAniZdQ55usfQMGd9DtDB4bGJpmAKcdQt-bDcAAoF5vHNJLUg:1ufFOM:-777H2Lglchp4KxtFHVKboDPZVh6AlLWnzPdfPVXBpY", "expire_date": "2025-08-08T10:11:06.652Z", "user": 30, "user_agent": "Mozilla/5.0 (Macintosh; Intel Mac OS X 10_15_7) AppleWebKit/605.1.15 (KHTML, like Gecko) Version/18.6 Safari/605.1.15", "last_activity": "2025-07-25T10:11:06.652Z", "ip": "103.203.74.236"}}, {"model": "user_sessions.session", "pk": "4olwpwag8th23igdggnya6v8kzbpgiqx", "fields": {"session_data": ".eJxVj8tSxCAQRf8lWw2BBBLJ0r0791QHmoSZQEYeTlmW_y6pmoVu-95zuvu7UVDypkrCqJxp5magzfPf4QL6iuFMzAXCehB9hBzdQs4KeaSJvB0G99dH959gg7RVGvXE0ZjRjsgHKoSxbJiQy54OC4LUyDW3qIUVYLgZ5YsQFgTYyQD0UvIq3SFlBSm5NXgMWekN9VVl57H6e9qLlk7tQN8Zn3s-M0ZYtUj6ROlMz690ifHkPh3eVYl7pbacb2nuugt4B2C8CxhvZEUIX-SOS3IZO1_XYkxdxI-CKbepLN7VK47QNT-_dnhroA:1uh84B:UDQ8M4tMzjZJNLsvZotGqi1xrAypup4BCUmDEMtoSbM", "expire_date": "2025-08-13T14:46:03.410Z", "user": 30, "user_agent": "Mozilla/5.0 (Windows NT 10.0; Win64; x64) AppleWebKit/537.36 (KHTML, like Gecko) Chrome/138.0.0.0 Safari/537.36", "last_activity": "2025-07-30T14:46:03.411Z", "ip": "117.243.255.219"}}, {"model": "user_sessions.session", "pk": "4pcdkhduxfeddyaq8wfsl8aasquaqi29", "fields": {"session_data": ".eJxVjj0PAiEQRP8LrUoWDg73Sns7e7LA4p0fXCJcZfzveomFtvNmXuYpPC1t9Evlh5-SGIQS298sULxyWUG6UDnPMs6lPaYg14r80iqPc-Lb4dv9E4xUx886GEsGs-LsbNLWxT6lTnGXCYhIu6wMW8ZsjUnZogtRQUKOuMeAGdZXN6rNU63Tudy5NB9Hjlffpjt__Bq03YHb6f4EZjB2ACcd9nvUG4ABQLzeyEhK0Q:1ufWmR:u5P-jsSHzeVzrZv9qa2r4knAEosFz7pfPMQX1SDEFds", "expire_date": "2025-08-09T04:45:07.800Z", "user": 1, "user_agent": "Mozilla/5.0 (X11; Linux x86_64) AppleWebKit/537.36 (KHTML, like Gecko) Chrome/138.0.0.0 Safari/537.36", "last_activity": "2025-07-26T04:45:07.802Z", "ip": "103.42.196.126"}}, {"model": "user_sessions.session", "pk": "4td37tsaebe3z9mxo5xn98htg4foepir", "fields": {"session_data": "e30:1ufjCw:2emMKmHPBYPuIo8bAneMjDuBpYgREdFt0R_0NXK57wA", "expire_date": "2025-08-09T18:01:18.968Z", "user": null, "user_agent": "Mozilla/5.0 (Linux; Android 10; K) AppleWebKit/537.36 (KHTML, like Gecko) Chrome/133.0.0.0 Mobile Safari/537.36", "last_activity": "2025-07-26T18:01:18.968Z", "ip": "27.60.135.111"}}, {"model": "user_sessions.session", "pk": "5g5m40b6l35vgboagdhh7ghw7c49vwf7", "fields": {"session_data": ".eJxVjrGOwjAQRP_FLRdr12sTJyX9dddba3tDcoAjYadC_PsRieJo5808zUMF3toctir3sGQ1KqO-_meR00XKDvIvl_Oq01rafYl6r-g3rfp7zXI9vbsfgpnr_Fq72E8-WR8zIvmEZC2AENJEhii6JDj0KL3FIxH5iXDKg2MXHfMg4l_SK9cWuNblXG5SWkizpEtoy03222BcB31n_A_40dnROE3o6QgHgBFAPf8AL3lJXg:1ugKXu:ec_1pLtryXPQVDoVkzRnEFFJ8q5NonibaT1mY_CxE3o", "expire_date": "2025-08-11T09:53:26.874Z", "user": 2, "user_agent": "Mozilla/5.0 (X11; Linux x86_64) AppleWebKit/537.36 (KHTML, like Gecko) Chrome/130.0.0.0 Safari/537.36", "last_activity": "2025-07-28T09:53:26.875Z", "ip": "136.185.21.121"}}, {"model": "user_sessions.session", "pk": "6mwgmvd0f6jixythly18dxvjemvslpc5", "fields": {"session_data": "e30:1ueZMq:YNpWjOIQjiShtxvXzJHJXHf4-3JOxRZTEpxV6v1mO0s", "expire_date": "2025-08-06T13:18:44.516Z", "user": null, "user_agent": "Mozilla/5.0 (X11; Linux x86_64) AppleWebKit/537.36 (KHTML, like Gecko) Chrome/138.0.0.0 Safari/537.36", "last_activity": "2025-07-23T13:18:44.519Z", "ip": "103.42.196.81"}}, {"model": "user_sessions.session", "pk": "6o49udhxnggggm2kqdqe7io2zpxveh7e", "fields": {"session_data": ".eJxVjEFuwyAUBe_CusUG29TOsvucAX3gOSaNccqHRFXVu9eRsmi3b-bNt7BUy2IrI9sYxEFoLV7-jo78B9KDhDOl0yb9lkqOTj4U-aQsj1vA5f3p_gssxMv-xpsayMO50fRmMNT2s4PRoe_U3Cnt_KwmhR5dO4G60FJr_C61kx4nDBj3qK85IxV7i7jbmi97dSnlyoemOdMaicIaE_JVnkDpS97hOBY0K3FB5ibjs4LLK1e3Rua4pUb8_AIOfFhu:1uZSMK:zUjUxNvEH6KCMmUSn9c6-GzcIAStq18qWy-ZTtXKDzM", "expire_date": "2025-07-23T10:49:04.785Z", "user": 22, "user_agent": "Mozilla/5.0 (X11; Linux x86_64) AppleWebKit/537.36 (KHTML, like Gecko) Chrome/138.0.0.0 Safari/537.36", "last_activity": "2025-07-09T10:49:04.785Z", "ip": "157.51.222.117"}}, {"model": "user_sessions.session", "pk": "6vqz46x09ulxkl7zc5mes267h8orauge", "fields": {"session_data": ".eJxVjrtywyAQRf9FbSIESCBZpft06ZkFVha2QA6PeDKZ_HvQjIuk3XvPufvdKCh5VSVhVM42czM2r39vGswNwxHYK4TLTswecnSaHBXyTBN52y1u52f3n2CFtFZawKiZGBYuhZwoykUDG4wx9qQnMWmhTyMbjaFWSIML5_1gmVnsMHFpQeIh3SBlBSm5S_AYsjIrmpvKzmP1c8pFS8eWi3dGZyHnnhEh2cj6F0pnSitvSowH9-nwoUrcKrXmfE9z113BOwDrXcB4JxeE8EUeqJPL2Pk6izF1ET8Kptymor2rX-yha35-Adozav8:1ufG7R:b4kvSmMHHJzdrCHruXwPuUM_Cm14cliisfI4loZKwKU", "expire_date": "2025-08-08T10:57:41.713Z", "user": 7, "user_agent": "Mozilla/5.0 (Linux; Android 10; K) AppleWebKit/537.36 (KHTML, like Gecko) Chrome/138.0.0.0 Mobile Safari/537.36", "last_activity": "2025-07-25T10:57:41.714Z", "ip": "157.51.222.252"}}, {"model": "user_sessions.session", "pk": "7ain5wovay959yx9fut33bn7knlmwdz7", "fields": {"session_data": "e30:1ugiS9:efrySJGgxBr9tUdjYanX1wjaE1bvmQ5SHmuARclDwZ8", "expire_date": "2025-08-12T11:25:05.705Z", "user": null, "user_agent": "WhatsApp/2.23.20.0", "last_activity": "2025-07-29T11:25:05.707Z", "ip": "103.203.74.236"}}, {"model": "user_sessions.session", "pk": "83920jxenleyx7kmxwgtf0j21n6ql982", "fields": {"session_data": ".eJxVjr1uhDAQhN-FNsHY4DUHUhQpfbr01oKXw3dgiH_uFEV59xjpiqTZYma-2fkuNKY46xTIa2uKvhCyeP4rDjheyR2OuaA7b2zcXPR2YEeEPdzA3jdDy9sj-69gxjBnGkajGpAgxUmAkiBEM4ABM4FpB0WTQjSq7sig7LoJWpjMSRnCNh9SQLl0wRA1hmDPbiUX9TjTeNXRrpT7a15DyduyER-86UH2krMWatF0T5z3nGd-TN4f3M3SXSe_ZGqOcQ99VV1wtXnAah35nZ0J3Re70xBspGrNb8mHytNnohDLkIbV5hWbq15DxJjCC-67325kip9fv6Fxbg:1uhKNT:ryvE0G2b3mMmWnIEpyddJw41H5EDq0BM0eWqDkSc5EU", "expire_date": "2025-08-14T03:54:47.094Z", "user": 14, "user_agent": "Mozilla/5.0 (X11; Linux x86_64) AppleWebKit/537.36 (KHTML, like Gecko) Chrome/138.0.0.0 Safari/537.36", "last_activity": "2025-07-31T03:54:47.095Z", "ip": "103.42.196.100"}}, {"model": "user_sessions.session", "pk": "9n6edtx28gnv3d2l3f7yxi8e2qgf5fwm", "fields": {"session_data": ".eJxVjj1TxCAYhP9LWg0BEi6S0t7OnnmBlwt3gZx8eOM4_nfJzBXa7u6zu9-dglpWVTMm5W23dKx7_qtpMFeMh2EvEM87MXssyWtyRMjDzeRtt7i9PrL_ClbIa6P1JGCSjqGbheViNidrR4ajAwoAfHZsQoHSiWmyTshZG0atRCNfpJaOHq82yEVBzv4cA8aizIrmqooP2Po55aKnc8_HdyoWJhcmyIlxKvgTpQuljTc1pYP79HhXNW2NWku55WUYLhA8gA0-YrqRM0L8InfU2RccQpvFlIeEHxVz6XPVwbcXexy6n1_roWsB:1ueRt0:OqbrXn0c5KlX494hg1ziq6XHX4tNQHdp0sTR8T-9K9I", "expire_date": "2025-08-06T05:19:26.136Z", "user": 1, "user_agent": "Mozilla/5.0 (X11; Linux x86_64) AppleWebKit/537.36 (KHTML, like Gecko) Chrome/138.0.0.0 Safari/537.36", "last_activity": "2025-07-23T05:19:26.137Z", "ip": "103.42.196.103"}}, {"model": "user_sessions.session", "pk": "c8vm9mgrqt7uuojpt0ixseya7cqh0r9z", "fields": {"session_data": ".eJxVjrsOAiEQRf-FViXDY0S2tLezJwMM7vpgE8HK-O-6iYW299x7cp8i0KOP4dH4HqYsBqHE-jeLlC5cF5DPVE-zTHPt9ynKpSK_tMnDnPm6_3b_BCO18bOOFsn6org4zBpd2uZsFJtCQETaFWUZ2Re0Nhf0LiYF2XPyOx99geXVlVoP1Np0qjeuPaSR0yX06cYfvwaNG3AbbY5KD6gH7aTHrTFuBTAAiNcbx4dKxQ:1ueYxP:8Z52YgVHFwi0OSliW9rocD-fVblNNXLPn5U70iX-hyQ", "expire_date": "2025-08-06T12:52:27.960Z", "user": 1, "user_agent": "Mozilla/5.0 (X11; Linux x86_64) AppleWebKit/537.36 (KHTML, like Gecko) Chrome/138.0.0.0 Safari/537.36", "last_activity": "2025-07-23T12:52:27.962Z", "ip": "103.42.196.81"}}, {"model": "user_sessions.session", "pk": "cq0zcx5zc0qiucwbjj2xf4rfs0vbz9v0", "fields": {"session_data": ".eJxVjEEOwiAQRe_C2hBoBygu3fcMZGAGqRqalHZlvLtt0oVu33v_v0XAbS1ha7yEicRV9OLyyyKmJ9dD0APrfZZprusyRXkk8rRNjjPx63a2fwcFW9nXoD15DwN40i4pTewGxXFn2fguQ2dNYjAewSljerJJWQZ0fSYXUTnx-QLIzDdj:1uZNrB:8vbF8xE99Kla45-DQcljeLGEdsiy9tVPr8kedU6kJFU", "expire_date": "2025-07-23T06:00:37.976Z", "user": 3, "user_agent": "Mozilla/5.0 (X11; Linux x86_64) AppleWebKit/537.36 (KHTML, like Gecko) Chrome/138.0.0.0 Safari/537.36", "last_activity": "2025-07-09T06:00:37.976Z", "ip": "157.51.214.53"}}, {"model": "user_sessions.session", "pk": "d00zdairdcsf64qmyg6sj7goy996sv5l", "fields": {"session_data": ".eJxVj8FOwzAQRP8lV6izceo6iYSQuHPjbq2dTeK2cYrXpkKIf8eROMB1Z97szFdlMKfFZKZo_FgNleyqx79Hi-5CYVfGM4Z5E24LKXordov4VVm8biNdX369_wIW5KXQoK0bHdq-P6JTrZPTpHsHulUn2djuRN0J3XEisI1uJXUwYTeBbHWjC3pUJfSKnAwy-zmsFJJxC7mLSX6lvTdIdQB9kO1bIwfoB6UENCVLPQAMAIV3Ocad-_B0NzleC7WkdOOhrs-4esRx9YHiTcyE4VPcybJPVK_lLUWuI71n4nTgbFdfWmyhfuaEKfPTraz2Ya6-fwAhEnBt:1ueYIT:3urzbc2ptquXJCOD_D0vmDClqkm0GPT0HqBtMQ0LlLA", "expire_date": "2025-08-06T12:10:09.107Z", "user": 28, "user_agent": "Mozilla/5.0 (Windows NT 10.0; Win64; x64) AppleWebKit/537.36 (KHTML, like Gecko) Chrome/125.0.0.0 Safari/537.36", "last_activity": "2025-07-23T12:10:09.108Z", "ip": "103.42.196.81"}}, {"model": "user_sessions.session", "pk": "dh79oc3aqg0fe4pwpnczgrb1lurtf0qn", "fields": {"session_data": ".eJxVjj1zhCAYhP-LbSIiiqDl9enSMy_4qtwJXvjITSaT_x6cuSJpd_fZ3e9KQU6byhGDsnM1VUxWr39FDeaG_nTmK_j1IObwKVhNzgh5upG8HTPul2f2X8EGcSs0FdrMBvQ49mB4Z9iyiNFQ0fGBtVoOKAcw_YJUt6JjKOkCcqGsE60oaM9L6Q4xKYjRrt6hT8psaG4qWYfnb8p4TUXN2DvlE5dT25Gxl2MrXyidKC28ySGc3KfFh8phL9SW0j1OTXMFZwFmZz2GO1kR_Bd5oI42YePKLIbYBPzIGFMds3a2vDh8U_38ArpYan0:1ue61O:hYsIUkcA2pKxD9d8ZE_YaFe8d1mJrNiQnSxSMKgQYuc", "expire_date": "2025-08-05T05:58:38.822Z", "user": 28, "user_agent": "Mozilla/5.0 (Linux; Android 10; K) AppleWebKit/537.36 (KHTML, like Gecko) Chrome/138.0.0.0 Mobile Safari/537.36", "last_activity": "2025-07-22T05:58:38.822Z", "ip": "157.51.227.89"}}, {"model": "user_sessions.session", "pk": "dlvq9ex6giz9vmxe039rmyowj5h6ii3p", "fields": {"session_data": ".eJxVjLuOwyAQRf-FdmM0AcYYl-m32x6NmSF2HlgKuIry7-tIKXbbe849TxVpa3PcqjziwmpUFtTh7zhRukp5E75QOa86raU9lkm_Ff2hVX-vLLfTx_0XmKnO-1uSd8Lc516cBUTOR-vFBQN2EgpJXHJZEmYkdtyHATETUvZMZEJwe_RGtUWqdTmXu5QW0yzpGttyl71vwGAHvjPDD_gRjiMOGmzvEb4ARgD1-gUdoEtZ:1ugHry:9mRPe2qi-QqTcEk-vEkUctp0JAmRHkGux_6uq02IyX8", "expire_date": "2025-08-11T07:01:58.038Z", "user": 30, "user_agent": "Mozilla/5.0 (Windows NT 10.0; Win64; x64) AppleWebKit/537.36 (KHTML, like Gecko) Chrome/138.0.0.0 Safari/537.36", "last_activity": "2025-07-28T07:01:58.038Z", "ip": "103.203.74.236"}}, {"model": "user_sessions.session", "pk": "fnrvdn4j7h47503xu3xlzagx3wse5qbq", "fields": {"session_data": ".eJxVjsFyAiEQRP-FcwKLQjZ49O43UAMzuBiXVQZipVL597hVHvTar_tV_woPvU2-M1WfUeyEFm_PWYD4RWUFeIJyXGRcSqs5yLUiH5TlYUE67x_dF8EEPN3XwVgwLmlKo8WNHeMH4lbTNsEAAJsxaUOWXLLGYLJuDFEP6Ci6TxdcGtZXsddKpfnvTDff6_lunVq78E6pE8wZAOdcqF7kkaD8yBsFzo3UDNyosqp07cTtnXuYM3NeihJ__yUUWO0:1ucLqc:GAfQ8uYkTRauN7XBPSXggyRPzl3ibZeztuRvbOo0T5c", "expire_date": "2025-07-31T10:28:18.587Z", "user": 1, "user_agent": "Mozilla/5.0 (iPhone; CPU iPhone OS 18_0 like Mac OS X) AppleWebKit/605.1.15 (KHTML, like Gecko) Version/18.0 Mobile/15E148 Safari/604.1", "last_activity": "2025-07-17T10:28:18.587Z", "ip": "103.42.196.92"}}, {"model": "user_sessions.session", "pk": "gbuy1qvtwdiwzamaomb0ih8r0la1d4xc", "fields": {"session_data": ".eJxVjLFywyAQBf-FNhZzAg4FlenTuWdO3GHJltGMQZUn_x55xkXSvt23TxVpb3PcqzziwmpUFtTp7zhRukl5Eb5SuWw6baU9lkm_FP2mVX9vLOvX2_0XmKnOx1vS4ITZZy_OAiLn3g7iggE7CYUkLrksCTMSO_bhEzETUh6YyITgjuhKtUWqdbmUu5QW0yzpFttyl6NvwGAHQ2fMGfxo7GhQ-9CD6z8ARgD18wsc90tQ:1ue6PN:UfIiMjMYxWZN6ybOQcfdW3N4t5OVBe27N1rO5qvOHy4", "expire_date": "2025-08-05T06:23:25.696Z", "user": 30, "user_agent": "Mozilla/5.0 (Linux; Android 10; K) AppleWebKit/537.36 (KHTML, like Gecko) Chrome/138.0.0.0 Mobile Safari/537.36", "last_activity": "2025-07-22T06:23:25.696Z", "ip": "157.51.218.240"}}, {"model": "user_sessions.session", "pk": "gfunacoj9wgeibpfhcldr3y3g3c1086u", "fields": {"session_data": ".eJxVjsFugzAQRP-Fa4uxMQSDVFXqvbferbW9BCdgqNdOVFX994KUQ3vcmXmz811oyGnSmTBq74qhqIvnv5oBe8VwGO4C4bwyu4YUvWFHhD1cYu-rw_ntkf1XMAFNO92ablS2UcYJIZUVsmk4RynkKGspTWtR9J3ArhEnKaUapRhd30JrWoAeUe2lM1DSQOTPYcGQtJ3QXnXyCx6zed2WvCvr_oP3A-cDb1h9Up3qn46D77zNMR7czeNd5zjv1JTSRkNVXWDxAG7xAePGzgjhi93RkE9YLftbjFRF_MxIqaRsFr-vWEP1SglSphfYtrje0BU_v7nYcDM:1uhKMX:NpQ7Hty5rYH1mpilQxnaTgTZREjQFgAf2Jw9rymTThU", "expire_date": "2025-08-14T03:53:49.640Z", "user": 2, "user_agent": "Mozilla/5.0 (X11; Linux x86_64) AppleWebKit/537.36 (KHTML, like Gecko) Chrome/138.0.0.0 Safari/537.36", "last_activity": "2025-07-31T03:53:49.640Z", "ip": "103.42.196.100"}}, {"model": "user_sessions.session", "pk": "hh31r0elq38ghans90ck81cp7z44dtl8", "fields": {"session_data": ".eJxVj8tSxCAQRf8lWw0hBBLJ0r0791QHmoSZQEYeTlmW_y6pmoVu-95zuvu7UVDypkrCqJxp5magzfPf4QL6iuFMzAXCehB9hBzdQs4KeaSJvB0G99dH959gg7RVGvXE0ZjRjsgHKoSx_TAhl4wOC4LUyDW3qIUVYLgZ5YsQFgTYyQAwKXmV7pCygpTcGjyGrPSG-qqy81j9jDLR0qll4r2nM5ez4IT1TIj-idKZnl_pEuPJfTq8qxL3Sm0539LcdRfwDsB4FzDeyIoQvsgdl-Qydr6uxZi6iB8FU25TWbyrVxyha35-AXYTa54:1ufGRs:S_qJdFkcNAPPCUVuGNXDN7hbmROSANbV-A5MkUhqHjo", "expire_date": "2025-08-08T11:18:48.218Z", "user": 30, "user_agent": "Mozilla/5.0 (Macintosh; Intel Mac OS X 10_15_7) AppleWebKit/605.1.15 (KHTML, like Gecko) Version/18.6 Safari/605.1.15", "last_activity": "2025-07-25T11:18:48.219Z", "ip": "103.203.74.236"}}, {"model": "user_sessions.session", "pk": "jbqma659actipj4hmluk0ywakan8w0v4", "fields": {"session_data": ".eJxVjrtyhDAMRf-FNsHIPIyh3D5deo9sBHgXm41tspPJ5N9jZrZISunec6TvQuGRVnVECspOxVi0xevfnUZzI38G0xX9sjOz-xSsZmeFPdPI3vaJtsuz-0-wYlxPreRGTjRr6MA0XPdCG2i1wFn2QwdI0Aiaa016qKVA3gkuYRZComkIZZOlG8akMEa7eEc-KbOSualkHWV_DXVXQl_W3TvnI8DY1GxoBt7CSx4AMm-OEE7u09JDHWHL1JrSPY5VdUVnESdnPYU7Wwj9F3uQjjZR5fJZCrEK9HFQTGU8tLP5i91Xxc8veINqXA:1ufGFP:hUWdDeuDnwu-C5htGwktDNiIeDFIl0r-wwgYYou-IRs", "expire_date": "2025-08-08T11:05:55.187Z", "user": 4, "user_agent": "Mozilla/5.0 (Linux; Android 10; K) AppleWebKit/537.36 (KHTML, like Gecko) Chrome/138.0.0.0 Mobile Safari/537.36", "last_activity": "2025-07-25T11:05:55.188Z", "ip": "223.239.1.139"}}, {"model": "user_sessions.session", "pk": "ju5144lkadtp2rxu2aiptzy7wzmium1e", "fields": {"session_data": ".eJxVjrtuhDAQRf-FNsGMDeZVbp8uvTXgAbyLzcaPrKIo_x4jbZG0c-85d74LhSluKgXyyuhiLNri9e9twvlG7gz0Fd16sPlw0ZuJnRX2TAN7OzTtl2f3n2DDsGUaF5iElotoelzEMBAIybEBAiSJGrGFZplBQy07Pix117Z1jzXUi9QA3ZSlO4aoMASzOksuqnmj-aaisZT9IvtK6Eoh3zkf-TDyjvUt73r5AjACZH5O3p_cp6GHSn7P1BbjPYxVdUVrELU1jvydrYTuiz1oCiZSZfMs-VB5-kgUYhnSZE3-4nBV8fMLV6xqJw:1ufKG2:d2tN36aAs84rviTaUwDdG2-R6E3D1AGbh2ypGD-tq2I", "expire_date": "2025-08-08T15:22:50.886Z", "user": 6, "user_agent": "Mozilla/5.0 (iPhone; CPU iPhone OS 18_5 like Mac OS X) AppleWebKit/605.1.15 (KHTML, like Gecko) Version/18.5 Mobile/15E148 Safari/604.1", "last_activity": "2025-07-25T15:22:50.886Z", "ip": "157.51.223.21"}}, {"model": "user_sessions.session", "pk": "k1vp5jckl0ywqwswcdaygnjg6jjc72s1", "fields": {"session_data": ".eJxVjLkOgzAQRP_FbYK1-ABDmT5demux10AOI2FTRfn3GIkiKWfmzXszi1ue7JZotbNnPWvY-bcb0D0o7oO_YxwX7paY13ngO8KPNfHr4ul5Odg_wYRpKm8MMAivg1AGg-g6AqFrVECApNEjNqCCAw9St3UXZNs00qAEGbQHaIcifWLKFlOax_iimK2byD1snl9U_KL4KmgrCbda9cL0AFwLo2pzAiiBfb56ZEnM:1uh7mi:RkLhGsn0SW6a5fj06fiVEnUVHK1hUgO0hhHeMtHhwaY", "expire_date": "2025-08-13T14:28:00.530Z", "user": 6, "user_agent": "Mozilla/5.0 (Windows NT 10.0; Win64; x64) AppleWebKit/537.36 (KHTML, like Gecko) Chrome/138.0.0.0 Safari/537.36 Edg/138.0.0.0", "last_activity": "2025-07-30T14:28:00.531Z", "ip": "117.243.255.219"}}, {"model": "user_sessions.session", "pk": "lj9r3r2dhg1wkggn0ckm9k91rr7d5xp6", "fields": {"session_data": ".eJxVjrtygzAQRf-FNkGsBBIypft06TUrsRjZIBw94slk8u-BGRdJu_eec_e7MljybEqiaPxYDVVXvf69WXQ3CkcwXjFcNua2kKO37KiwZ5rY2zbScn52_wlmTPOh1dzpkSYLElzLba-sg84qnHR_koAEraJJWLInoRVyqbiGSSmNriXU7S5dMGWDKflLWClk42ZyN5P9SrtfgJA19LVo37kYpBpEzzjvZA8vAAPAzrsS48F9enqYEpedmnO-p6Fprrh6xHH1geKdXQjDF3uQTT5Ts-6zFFMT6aNQynUqdvX7F1toqp9fev5qYg:1ueZcc:g0h7e_G3CiFazZKfbQPM8FnBCiEaSpw5hqaBDT8SNp8", "expire_date": "2025-08-06T13:35:02.988Z", "user": 4, "user_agent": "Mozilla/5.0 (X11; Linux x86_64) AppleWebKit/537.36 (KHTML, like Gecko) Chrome/138.0.0.0 Safari/537.36", "last_activity": "2025-07-23T13:35:02.988Z", "ip": "103.42.196.81"}}, {"model": "user_sessions.session", "pk": "llaqko3os4g7851rmg6rc75lyrgwiimh", "fields": {"session_data": ".eJxVjrtuwzAUQ__Fa2tZz_gxZu_WXbiSr2Mllpzq0aAo-u-VgQztSvKQ_G40lLzqkjBqNzdTw5vXv5oBe8NwGPMVwmUndg85OkOOCHm6ibztM27nZ_ZfwQpprbQy_TJYOZiZMTFYJqSkFAUTi-BCGGWRjT3DXrKTEGJYBFvmUYEyCmBEHGrpBilrSMldgseQtV3R3nR2Ho_blKuW9i1X74xOqp84JVSeOJcvlE6UVt6WGA_u0-FDl7hVas35nqauu4J3ALN3AeOdXBDCF3mgSS5j5-ssxtRF_CiYcpuK8a6-2EPX_PwC28Vpmg:1ufGG2:zHeOfTTFsFdIW655pXW_UTOv-zprn_lIAKPGvvX0jsA", "expire_date": "2025-08-08T11:06:34.424Z", "user": 2, "user_agent": "Mozilla/5.0 (iPhone; CPU iPhone OS 19_0 like Mac OS X) AppleWebKit/605.1.15 (KHTML, like Gecko) Version/26.0 Mobile/15E148 Safari/604.1", "last_activity": "2025-07-25T11:06:34.425Z", "ip": "103.203.74.236"}}, {"model": "user_sessions.session", "pk": "lmczccefkw2gxobd53765utf14rqcfic", "fields": {"session_data": ".eJxVkMtuwyAURP_F6xZj_ABnmX2_AV3gEpPaOOVCoqjqv5dUkdpu58ycxXw2GkpedCFMOrjm0AjVvPwNDdh3jA_izhBPO7N7zCkY9qiwJyX2tjtcj8_uP8ECtNQ1l8Y6C2aeB7Bjb4X3crZc9uMkOqMmVBPYwSM3newFKu5BeS562ck6HcYqtSUljFlfA950SWu1Ljlf6NC2Z9gCgNtCxHRhJ4R4Zzc0FDK2G1DGRG3Cj4KUX6mYLRCFPbZVulaq456DD-j0L_t5Y_z6BuNPZG0:1udot3:7Rp8zctmfTRgHJ1yNj0QsI-LnSkKeeZnL3C2lciQBhc", "expire_date": "2025-08-04T11:40:53.752Z", "user": 28, "user_agent": "Mozilla/5.0 (X11; Linux x86_64) AppleWebKit/537.36 (KHTML, like Gecko) Chrome/138.0.0.0 Safari/537.36", "last_activity": "2025-07-21T11:40:53.752Z", "ip": "103.42.196.125"}}, {"model": "user_sessions.session", "pk": "nsbw9hpf1ynawn11y6p8c1mcuuml3r3w", "fields": {"session_data": ".eJxVjbtuxCAQRf_FbbIYg_GrTJ8uPRqGsc2uwSvAWUVR_j1Y2iKZ8t57znxXGo686iNR1M5WU9WM1evf0ADeKJyNvUJYdoZ7yNEZdk7Ys03sfbe0vT23_wQrpLXQvUVpcBYGR9PR0Fs5mNkKKZrBcEQpFUocy_VDJ21nsW97PrSdkC3MBG2RbpCyhpTcEjyFrHElvOnsPBW_4EJdeH-R_KMRU6smpZjioxLjC-cT54XHI8aT-3T00EfcCrXmfE9TXV_BOwDrXaB4ZwtB-GIPMsllqn15SzHVnvye6urnF5cLZVs:1uh6C1:dJU7xmweufCPOpgqME7bkVY2Nc6BCVQqipBoGTLivBM", "expire_date": "2025-08-13T12:46:01.623Z", "user": 19, "user_agent": "Mozilla/5.0 (X11; Linux x86_64) AppleWebKit/537.36 (KHTML, like Gecko) Chrome/138.0.0.0 Safari/537.36", "last_activity": "2025-07-30T12:46:01.623Z", "ip": "103.42.196.106"}}, {"model": "user_sessions.session", "pk": "qpi575s2fd6v8bqgg4qkp9jottjyesvk", "fields": {"session_data": ".eJxVjstyhCAQRf_FbSKCoojL2WeXPdVAq8woTnhkKpXKvwerZpFs773ndH9XCnJaVY4YlLPVVHXV699Mg7mhPwt7Bb8cxBw-BafJOSHPNpK3w-J2eW7_CVaIa6E5k1ZKPnJpmTCUWRQjRV2yuZftzNuhN8h7CVzQvu_sYOiAHEQ3W6GBiiLdICYFMbrF7-iTMiuam0pux-JvadvXVNRt9866iQ4TF6QVjMnxhdKJ0sKbHMLJfTp8qBy2Qq0p3ePUNFfYHYDdncdwJwuC_yIP1NElbPZyFkNsAn5kjKmOWe-ufHH4pvr5Bf3Dac4:1ueZC9:3QTxuLzTpFF7pn4PvJU4QRsgAllFPGLUY7jVlveWptA", "expire_date": "2025-08-06T13:07:41.349Z", "user": 3, "user_agent": "Mozilla/5.0 (X11; Linux x86_64) AppleWebKit/537.36 (KHTML, like Gecko) Chrome/138.0.0.0 Safari/537.36", "last_activity": "2025-07-23T13:07:41.349Z", "ip": "103.42.196.81"}}, {"model": "user_sessions.session", "pk": "qv76j762v3jjure5qh6ky8v6dlj8jed2", "fields": {"session_data": ".eJxVjsFyAiEQRP-FcwKLQjZ49O43UAMzuBiXVQZipVL597hVHvTar_tV_woPvU2-M1WfUeyEFm_PWYD4RWUFeIJyXGRcSqs5yLUiH5TlYUE67x_dF8EEPN3XwVgwLmlKo8WNHeMH4lbTNsEAAJsxaUOWXLLGYLJuDFEP6Ci6TxdcGtZXsddKpfnvTDff6_lunVq78E6pE8wZAOdcqF7kkaD8yBsFzo3UDNyosqp07cTtnXuYM3NeihJ__yUUWO0:1ucM2t:y13bwTnX1BB3C1XXBWcprEq4Z0Tn0nSn9Vgi6qUa8q4", "expire_date": "2025-07-31T10:40:59.586Z", "user": 1, "user_agent": "Mozilla/5.0 (Linux; Android 10; K) AppleWebKit/537.36 (KHTML, like Gecko) Chrome/138.0.0.0 Mobile Safari/537.36", "last_activity": "2025-07-17T10:40:59.586Z", "ip": "157.51.218.31"}}, {"model": "user_sessions.session", "pk": "ryzc50eiz33ve87uqhd2w8czypbw5uce", "fields": {"session_data": ".eJxVjk0OwiAQhe_CWqk4xVKX7j0DGWCwaKUNUI0x3t3WuNDNW7yfL-_JNE6l01OmpINje7Zlq1_PoL1QXAJ3xngauB1iScHwpcK_aebHwVF_-Hb_AB3mbl5L03hla2WcEKCsgLrebAgEeNgCGGlJtI2gphY7AFAehHetRGkkYkukZqidUqJY9C3QXU-pn6ldKWPeV9UZrwHRXUOkNPITYXzwO5kcClXLi_zR9ZgGH3rKFXu9AQ-ZVIk:1uZOre:bS-Xg6ZpL7GA-8gAKheh0FxyMj1AhUmd7fK5AdhZELA", "expire_date": "2025-07-23T07:05:10.758Z", "user": 2, "user_agent": "Mozilla/5.0 (X11; Linux x86_64) AppleWebKit/537.36 (KHTML, like Gecko) Chrome/138.0.0.0 Safari/537.36", "last_activity": "2025-07-09T07:05:10.758Z", "ip": "157.51.214.53"}}, {"model": "user_sessions.session", "pk": "t1nw380yzzeffq953q1q1h12hu1grc1w", "fields": {"session_data": ".eJxVjEEOwiAQRe_C2hBoQRyX7j0DGZgZqRpISrsy3l2bdKHb_977LxVxXUpcO89xInVWVh1-t4T5wXUDdMd6azq3usxT0puid9r1tRE_L7v7d1Cwl2-dnEcHYlmCp8GHfCQaLY-CBhGHINaxZxDvHImHkLI1BJzhBAnEWPX-AAFfOKI:1uYhKI:USPmtwjZyPKtgj-zVeaMlF-87_KHP87p-bCRFmf-UJw", "expire_date": "2025-07-21T08:35:50.334Z", "user": 1, "user_agent": "Mozilla/5.0 (X11; Linux x86_64) AppleWebKit/537.36 (KHTML, like Gecko) Chrome/138.0.0.0 Safari/537.36", "last_activity": "2025-07-07T08:35:50.334Z", "ip": "136.185.21.121"}}, {"model": "user_sessions.session", "pk": "tf2868cnbf8fxyvap4nui2tslkbi2orh", "fields": {"session_data": "e30:1uh7he:pJcQdEagjphpxZW2Zbvp6fhfH-dwZ_xhdQM7jdSsamA", "expire_date": "2025-08-13T14:22:46.505Z", "user": null, "user_agent": "Mozilla/5.0 (iPhone; CPU iPhone OS 19_0 like Mac OS X) AppleWebKit/605.1.15 (KHTML, like Gecko) Version/26.0 Mobile/15E148 Safari/604.1", "last_activity": "2025-07-30T14:22:46.507Z", "ip": "104.28.37.228"}}, {"model": "user_sessions.session", "pk": "ui7fmrgen0z65sm6eyo3x558m7p3odtr", "fields": {"session_data": "e30:1uh7dq:ATQZ951CjEWDGOACmKScXEOeVSL6vzhTneei0CR5JrE", "expire_date": "2025-08-13T14:18:50.962Z", "user": null, "user_agent": "Mozilla/5.0 (iPhone; CPU iPhone OS 19_0 like Mac OS X) AppleWebKit/605.1.15 (KHTML, like Gecko) Version/26.0 Mobile/15E148 Safari/604.1", "last_activity": "2025-07-30T14:18:50.962Z", "ip": "104.28.37.227"}}, {"model": "user_sessions.session", "pk": "va56sdcugpyrsr4ubhwvz1ttod0sv77f", "fields": {"session_data": ".eJxVjrtuhDAURP-FNsHYXMyr3D5deuvaXMC72Gz8yCqK8u8BaYuknZkzM9-FwpxWlSMFZadiLOri9a-m0dzIn8Z0Rb_szOw-BavZGWFPN7K3faLt8sz-K1gxrgctdTf3pun1JAT0RkDTcE4gYIYaQEtDYugEdY1oAaCfQczTIFFqiTgQ9UfphjEpjNEu3pFPyqxkbipZR-dtXsuSd2UN76Iem35sBGu7rgX5wvnI-cGbHMLJfVp6qBy2g1pTusexqq7oLOLkrKdwZwuh_2IP0tEmqtwxSyFWgT4yxVTGrJ09Xuy-Kn5-AeMFaa0:1ueYw9:zcA02fE4GmNc-5pQTTe-l-yt7z0d3V4M4Z-NMTHkT4E", "expire_date": "2025-08-06T12:51:09.617Z", "user": 2, "user_agent": "Mozilla/5.0 (X11; Linux x86_64) AppleWebKit/537.36 (KHTML, like Gecko) Chrome/138.0.0.0 Safari/537.36", "last_activity": "2025-07-23T12:51:09.617Z", "ip": "103.42.196.81"}}, {"model": "user_sessions.session", "pk": "vzzc3uq4ln37rgijmda420nuwaahl7n8", "fields": {"session_data": ".eJxVkLtuxCAQRf_FbWIMjPGr3D5dejTAeM2ujS3AWUVR_j12tEXSTHEfR6P7VWjc86T3RFF7VwyFLF7_agbtncJpuBuG68rsGnL0hp0R9nQTe1sdzZdn9h9gwjQdbWXasbN1Z5wQ0FkBdc05gYARJIBRlkTfCmpr0QBAN4IYXa9QGYXYE3UH1O4xUsj6w9ND73E-qFPOWxqq6oaLR3SLDxQ3diUMn-xBJvlM1flF-r3lFtfRz5SqgzZjyhpT8tewnFQ7kb3r7Bc6R-BSlbwtpXzn_SC7gTesESBa9cL5wHnx_QPP1man:1ue9I6:Gh6r5EQP1PAgng1tvUR1LU3TVhXnmyst6498S2-T-KY", "expire_date": "2025-08-05T09:28:06.620Z", "user": 2, "user_agent": "Mozilla/5.0 (iPhone; CPU iPhone OS 15_0 like Mac OS X) AppleWebKit/603.1.30 (KHTML, like Gecko) Version/17.5 Mobile/15A5370a Safari/602.1", "last_activity": "2025-07-22T09:28:06.620Z", "ip": "157.51.211.53"}}, {"model": "user_sessions.session", "pk": "wfhd5i6m2ibm1ftgl9pwy29guawk1qxm", "fields": {"session_data": "e30:1ugIMI:lmq4PlWqVESjDKAkUduuU5XM78iXmMAU5sZJcC4sixQ", "expire_date": "2025-08-11T07:33:18.061Z", "user": null, "user_agent": "Mozilla/5.0 (iPhone; CPU iPhone OS 18_3_1 like Mac OS X) AppleWebKit/605.1.15 (KHTML, like Gecko) Version/18.3 Mobile/15E148 Safari/604.1", "last_activity": "2025-07-28T07:33:18.064Z", "ip": "136.185.21.121"}}, {"model": "user_sessions.session", "pk": "wrbtt5k5c4zq6ufv7apl0ybtqy7twdcx", "fields": {"session_data": ".eJxVjrFuwzAMRP9Fa2OBNKVK9ti9W3aBkujYiSMDkTwF_ffGQIZ2vXf3cE8VeG9z2Ks8wpLVqHp1-ptFTjcpB8hXLpdNp620xxL1UdFvWvX3lmX9enf_CWau82tto5t8Mj5mRPIJyRgAIaSJeqJok-DgUJzBTyLyE-GUB8s2WuZBxL-kK9cWuNblUu5SWkizpFtoy12O29DbDlxHcEYz9nZEo8lZRPcBMAKon18uYUlT:1uh7k2:8aJVWW9c4z94mkhMXb7cN8lgOJk4dFQ0AmU0ksV1AJY", "expire_date": "2025-08-13T14:25:14.376Z", "user": 2, "user_agent": "Mozilla/5.0 (Windows NT 10.0; Win64; x64; rv:141.0) Gecko/20100101 Firefox/141.0", "last_activity": "2025-07-30T14:25:14.376Z", "ip": "117.243.255.219"}}, {"model": "user_sessions.session", "pk": "x1j1tvgs4wn8ej7192scaebw9zjmpqnx", "fields": {"session_data": ".eJxVjDsOwjAQBe_iFrDWn42dlPR09NZ6bUggOBI2FeLuBIkC2jfz5ikCPdoYHjXfw5TEIFBsf7dIfM3lA9KFynmRvJR2n6L8KPJLqzwsKc_7r_sXGKmO61udjMKE2HlIhjxCR30kxzH3yRoTnVUdam80MZvkTpZz7MkD2YRsOlqjM9UWqNbpXG65tMBj5mto0y2vfQ0ad-B2Go9KDWAH7WSvlAezARgAxOsNdDNKEQ:1ufGDz:EJm0RAMlD4AsUXAE_zBGjfYgOxupiE3VJhEqpbDB5c4", "expire_date": "2025-08-08T11:04:27.913Z", "user": 5, "user_agent": "Mozilla/5.0 (Linux; Android 10; K) AppleWebKit/537.36 (KHTML, like Gecko) Chrome/133.0.0.0 Mobile Safari/537.36", "last_activity": "2025-07-25T11:04:27.913Z", "ip": "106.205.163.132"}}, {"model": "user_sessions.session", "pk": "ykbotkr3ko4n8kru16y7vo41wb1zrt18", "fields": {"session_data": ".eJxVjEEOwiAQRe_C2hBoQRyX7j0DGZgZqRpISrsy3l2bdKHb_977LxVxXUpcO89xInVWVh1-t4T5wXUDdMd6azq3usxT0puid9r1tRE_L7v7d1Cwl2-dnEcHYlmCp8GHfCQaLY-CBhGHINaxZxDvHImHkLI1BJzhBAnEWPX-AAFfOKI:1uZSvG:1gtKtWPDdkXbLCMVPEjTJLVa4d2DV03wbTPmpQapqIQ", "expire_date": "2025-07-23T11:25:10.354Z", "user": 1, "user_agent": "Mozilla/5.0 (X11; Linux x86_64) AppleWebKit/537.36 (KHTML, like Gecko) Chrome/138.0.0.0 Safari/537.36", "last_activity": "2025-07-09T11:25:10.354Z", "ip": "157.51.219.214"}}, {"model": "user_sessions.session", "pk": "ysjtqlop33qgagz56wjmhrgl78z9fwa3", "fields": {"session_data": ".eJxVj7tSwzAQRf_FLVhW9LCRS3o6es1aWsVKLDnoQYZh-HfkmRTQ7r3n7O53p6GWVdeMSXvbzR2n3fPf4QLmivFI7AXieSdmjyX5hRwV8kgzedstbq-P7j_BCnltNJpJoLWjG1FwKqV1Jz6hUIzyBUEZFEY4NNJJsMKO6kVKBxLcZAGYUqJJN8hFQ87-HAPGos2K5qqLD9j8jDLZ06ln_P3EZilnyck4MsnUE6UzPb4yNaWD-_R41zVtjVpLueV5GC4QPIANPmK6kTNC_CJ3XLIvOIS2FlMeEn5UzKXPdQm-XbHHofv5BXm6a6g:1ueZNG:-7xtkx4mNG2nbvqHfikNzxbAkkvjlwgJkmSmCK0oGVY", "expire_date": "2025-08-06T13:19:10.667Z", "user": 30, "user_agent": "Mozilla/5.0 (X11; Linux x86_64) AppleWebKit/537.36 (KHTML, like Gecko) Chrome/138.0.0.0 Safari/537.36", "last_activity": "2025-07-23T13:19:10.668Z", "ip": "103.42.196.81"}}, {"model": "user_sessions.session", "pk": "zkhrx3accqtzazy6rdzcnj91l9gzjee1", "fields": {"session_data": ".eJxVjkEOwiAURO_CWmlRsOLSvWcgH_7HopU2QG2M8e62xoVuZjHzZjJPZmAsrRkzJROQHZhgq1_PgrtSXAK8QDz33PWxpGD5gvBvmvmpR-qOX_ZvoIXczm0rFUjtBflG4UY1boe4FbT1UAPApvFCkiLtlZTolW6sEzVqcnqvrfb18sqNKVEs5h5oMmPq5tW2lCEfquoCtwCAtxApDfxMEB98IptDoWp5kT-6HlLvQ0e5Yq83u4xV7g:1ucM1t:wM4YjCmXUFX1E_Qox5JSwi4v7p6lv_J0thXP814aPOo", "expire_date": "2025-07-31T10:39:57.003Z", "user": 1, "user_agent": "Mozilla/5.0 (iPhone; CPU iPhone OS 18_0 like Mac OS X) AppleWebKit/605.1.15 (KHTML, like Gecko) Version/18.0 Mobile/15E148 Safari/604.1", "last_activity": "2025-07-17T10:39:57.004Z", "ip": "134.195.196.4"}}, {"model": "core.notification", "pk": 1, "fields": {"user": 10, "message": "New memo published: Test Memo", "url": "/masters/memo/1/", "is_read": true, "is_active": true, "created_at": "2025-07-30T12:41:14.074Z"}}, {"model": "core.notification", "pk": 2, "fields": {"user": 19, "message": "New memo published: aaa", "url": "/masters/memo/2/", "is_read": false, "is_active": true, "created_at": "2025-07-30T12:45:33.436Z"}}, {"model": "core.notification", "pk": 3, "fields": {"user": 30, "message": "Request assigned: PROGRAMS", "url": "/masters/request-submission/1/", "is_read": false, "is_active": true, "created_at": "2025-07-30T14:22:00.646Z"}}, {"model": "core.notification", "pk": 4, "fields": {"user": 2, "message": "Request assigned: PROGRAMS", "url": "/masters/request-submission/1/", "is_read": false, "is_active": true, "created_at": "2025-07-30T14:24:47.145Z"}}, {"model": "core.notification", "pk": 5, "fields": {"user": 30, "message": "Request assigned: PROGRAMS", "url": "/masters/request-submission/2/", "is_read": false, "is_active": true, "created_at": "2025-07-30T14:26:19.190Z"}}, {"model": "core.notification", "pk": 6, "fields": {"user": 6, "message": "Request assigned: PROGRAMS", "url": "/masters/request-submission/2/", "is_read": false, "is_active": true, "created_at": "2025-07-30T14:27:07.391Z"}}, {"model": "core.notification", "pk": 7, "fields": {"user": 2, "message": "Request assigned: PROGRAMS", "url": "/masters/request-submission/2/", "is_read": false, "is_active": true, "created_at": "2025-07-30T14:29:31.583Z"}}, {"model": "core.notification", "pk": 8, "fields": {"user": 30, "message": "Request assigned: PROGRAMS", "url": "/masters/request-submission/1/", "is_read": false, "is_active": true, "created_at": "2025-07-30T14:31:49.562Z"}}, {"model": "core.notification", "pk": 9, "fields": {"user": 30, "message": "Request assigned: PROGRAMS", "url": "/masters/request-submission/2/", "is_read": false, "is_active": true, "created_at": "2025-07-30T14:32:22.594Z"}}, {"model": "core.notification", "pk": 10, "fields": {"user": 14, "message": "Your request 'PROGRAMS' has been sent to College.", "url": "/masters/request-submission/1/", "is_read": false, "is_active": true, "created_at": "2025-07-30T14:41:30.071Z"}}, {"model": "core.notification", "pk": 11, "fields": {"user": 14, "message": "Your request 'PROGRAMS' has been sent to College.", "url": "/masters/request-submission/2/", "is_read": false, "is_active": true, "created_at": "2025-07-30T14:43:49.338Z"}}, {"model": "accounts.user", "pk": 1, "fields": {"password": "pbkdf2_sha256$600000$bnmHhl2UCuzVPawhrJkChs$N0Lba9I5e1AfY5JYOd5/SEwfPGfGsn7OnoKSbjQII5g=", "last_login": "2025-07-29T04:13:08.591Z", "is_superuser": true, "first_name": "", "last_name": "", "is_staff": true, "is_active": true, "date_joined": "2025-07-07T08:34:33.461Z", "email": "admin@gmail.com", "usertype": "", "groups": [], "user_permissions": []}}, {"model": "accounts.user", "pk": 2, "fields": {"password": "pbkdf2_sha256$600000$nOJWMYWC3vRgfNceHpYpF2$EEElkcGnnQOfRyn1I03OLFp3aydQvcdZK7HRbVzvInM=", "last_login": "2025-07-30T14:25:14.371Z", "is_superuser": false, "first_name": "Director", "last_name": "", "is_staff": false, "is_active": true, "date_joined": "2025-07-09T05:34:36.446Z", "email": "director@gmail.com", "usertype": "director", "groups": [], "user_permissions": []}}, {"model": "accounts.user", "pk": 3, "fields": {"password": "pbkdf2_sha256$600000$uaumOIPLz4dNkcqmhPTwNR$y0qXXISsOPkmi6NJYBd2RJYHC41ieOU3VEgq2ln/jgY=", "last_login": "2025-07-25T18:01:38.111Z", "is_superuser": false, "first_name": "Public Relation Officer", "last_name": "", "is_staff": false, "is_active": true, "date_joined": "2025-07-09T05:44:33.623Z", "email": "pro@gmail.com", "usertype": "PRO", "groups": [], "user_permissions": []}}, {"model": "accounts.user", "pk": 4, "fields": {"password": "pbkdf2_sha256$600000$wZlhz35D7H4JYXxhOK9Skq$xMWgLBaxPi6fC1+k61NeF4K7xOzMnCzRLRhBD+FAYNM=", "last_login": "2025-07-25T11:00:32.923Z", "is_superuser": false, "first_name": "Chief Relation Officer", "last_name": "", "is_staff": false, "is_active": true, "date_joined": "2025-07-09T05:46:48.746Z", "email": "cro@gmail.com", "usertype": "CRO", "groups": [], "user_permissions": []}}, {"model": "accounts.user", "pk": 5, "fields": {"password": "pbkdf2_sha256$600000$BXwEEcdSxr97CXJ23e3SEQ$cFNN3GlKV5t1nvojhZv6XZy5CD6cvlg94lMWMx7Z0XI=", "last_login": "2025-07-25T11:04:28.652Z", "is_superuser": false, "first_name": "Chief Academic Officer", "last_name": "", "is_staff": false, "is_active": true, "date_joined": "2025-07-09T05:47:39.469Z", "email": "cao@gmail.com", "usertype": "CAO", "groups": [], "user_permissions": []}}, {"model": "accounts.user", "pk": 6, "fields": {"password": "pbkdf2_sha256$600000$eVr76KV4MJILl0XiGzvi6B$nOXy/6OE5Kh5HPU7lO0Z0dP8dNU1YEWdzQQAVj+jYcE=", "last_login": "2025-07-30T14:28:00.524Z", "is_superuser": false, "first_name": "Assistant Administrator", "last_name": "", "is_staff": false, "is_active": true, "date_joined": "2025-07-09T05:48:38.488Z", "email": "aa@gmail.com", "usertype": "AA", "groups": [], "user_permissions": []}}, {"model": "accounts.user", "pk": 7, "fields": {"password": "pbkdf2_sha256$600000$W5yw1hvxdBn0hlrPaujGvy$xrTDon1HS8RaT6EURKyYHKvaUyetE3b1UPmMKsDZPtM=", "last_login": "2025-07-25T10:56:31.558Z", "is_superuser": false, "first_name": "Admin Coordinator", "last_name": "", "is_staff": false, "is_active": true, "date_joined": "2025-07-09T05:50:00.044Z", "email": "ac@gmail.com", "usertype": "AC", "groups": [], "user_permissions": []}}, {"model": "accounts.user", "pk": 8, "fields": {"password": "pbkdf2_sha256$600000$7ghnLEDUYkiLeGDQsZDchT$NfXjo7CyoYQzgi5NUMVkV+mJELK26YHVvWEt/EBO3Hc=", "last_login": "2025-07-25T10:46:04.809Z", "is_superuser": false, "first_name": "Finance Officer", "last_name": "", "is_staff": false, "is_active": true, "date_joined": "2025-07-09T05:51:10.418Z", "email": "fo@gmail.com", "usertype": "FO", "groups": [], "user_permissions": []}}, {"model": "accounts.user", "pk": 9, "fields": {"password": "pbkdf2_sha256$600000$aw5nqige2guHmICJU6QNpL$y3WpIO3L6vP/E3uZFq8gsCRT1BO/yRGH1QAweKkZnSk=", "last_login": "2025-07-25T10:17:18.284Z", "is_superuser": false, "first_name": "Jamia Nadwiyya", "last_name": "Sharia College", "is_staff": false, "is_active": true, "date_joined": "2025-07-09T05:57:42.495Z", "email": "jnsc@gmail.com", "usertype": "College", "groups": [], "user_permissions": []}}, {"model": "accounts.user", "pk": 10, "fields": {"password": "pbkdf2_sha256$600000$ac8P0GegZQnHfp4j2GUJwH$/LZ0BRm3xJTKZp6oLQrxTloU58Fmy/wSNktvfyEPSao=", "last_login": "2025-07-30T12:41:29.506Z", "is_superuser": false, "first_name": "Jamia Nadwiyya", "last_name": "Women's Arabic College", "is_staff": false, "is_active": true, "date_joined": "2025-07-09T06:04:02.528Z", "email": "jnwac@gmail.com", "usertype": "College", "groups": [], "user_permissions": []}}, {"model": "accounts.user", "pk": 11, "fields": {"password": "pbkdf2_sha256$600000$jOOeFx0tFg5ziGuFEy5ySc$IGMTOiB3RJS06k6+wE7iR6HRYbEE5lXSulx9Ttu+xaE=", "last_login": null, "is_superuser": false, "first_name": "Jamia Nadwiyya", "last_name": "Institute Of Thahfeedul Quran (Boys)", "is_staff": false, "is_active": true, "date_joined": "2025-07-09T06:06:09.616Z", "email": "jnitqb@gmail.com", "usertype": "College", "groups": [], "user_permissions": []}}, {"model": "accounts.user", "pk": 12, "fields": {"password": "pbkdf2_sha256$600000$paJAwe1bSY8ZHsnTk6l3lJ$SowtqUN9017oofO8W9XAROvT10wDUlYlTd7RUuq9OTI=", "last_login": "2025-07-29T04:19:07.138Z", "is_superuser": false, "first_name": "Jamia Nadwiyya", "last_name": "Institute Of Thahfeedul Quran(Girls)", "is_staff": false, "is_active": true, "date_joined": "2025-07-09T06:07:18.644Z", "email": "jnitqg@gmail.com", "usertype": "College", "groups": [], "user_permissions": []}}, {"model": "accounts.user", "pk": 13, "fields": {"password": "pbkdf2_sha256$600000$D4uhLv4Lv6v9hwjTvZ4T2d$HwlYzWnhOaRiKgkqFEPaXzYk3cPN0bOlRam6x0i9UEo=", "last_login": null, "is_superuser": false, "first_name": "Institute Of Qur'anic", "last_name": "Research And Awareness", "is_staff": false, "is_active": true, "date_joined": "2025-07-09T06:09:17.081Z", "email": "iqraa@gmail.com", "usertype": "College", "groups": [], "user_permissions": []}}, {"model": "accounts.user", "pk": 14, "fields": {"password": "pbkdf2_sha256$600000$TPTfgVzUYikOaoSwt78qm3$Qn8gZ+BzHzwPlOL057JZianD7CX1K1KY1i8gKnmQs6Y=", "last_login": "2025-07-31T03:54:40.746Z", "is_superuser": false, "first_name": "Jamia Nadwiyya", "last_name": "Kulliyyathul Hadith", "is_staff": false, "is_active": true, "date_joined": "2025-07-09T06:10:19.574Z", "email": "jnkh@gmail.com", "usertype": "College", "groups": [], "user_permissions": []}}, {"model": "accounts.user", "pk": 15, "fields": {"password": "pbkdf2_sha256$600000$L5MlIq1lwUrbuSh54v6lVq$kuqxnFe6mJtAfIPQYlk9yqMW9qnZbVski2JKtx6AcdU=", "last_login": null, "is_superuser": false, "first_name": "Amity", "last_name": "Global School", "is_staff": false, "is_active": true, "date_joined": "2025-07-09T06:11:19.560Z", "email": "ags@gmail.com", "usertype": "College", "groups": [], "user_permissions": []}}, {"model": "accounts.user", "pk": 16, "fields": {"password": "pbkdf2_sha256$600000$EKE5CyfdZzRcnok4uzO1Oz$vuCFMxeMSZ/hwniNKAzr3oBtW2lJHGzdenzbzy/ga7I=", "last_login": null, "is_superuser": false, "first_name": "Edavanna Jamia", "last_name": "Higher Secondary School", "is_staff": false, "is_active": true, "date_joined": "2025-07-09T06:12:13.983Z", "email": "ejhss@gmail.com", "usertype": "College", "groups": [], "user_permissions": []}}, {"model": "accounts.user", "pk": 17, "fields": {"password": "pbkdf2_sha256$600000$QVcKoBUY2gJArI3BwjxA4z$o/9hiMv08dj/2YTSd6zx1cvUGBBnqkglAUD4hM3OWfM=", "last_login": null, "is_superuser": false, "first_name": "Al Manar", "last_name": "Quranic Pre School", "is_staff": false, "is_active": true, "date_joined": "2025-07-09T06:13:12.480Z", "email": "amqps@gmail.com", "usertype": "College", "groups": [], "user_permissions": []}}, {"model": "accounts.user", "pk": 18, "fields": {"password": "pbkdf2_sha256$600000$p5rinUWmVKBL14W0yozTXH$vCfLFdkyphIg3Z5M6fEB/sJRm6uIDJpmSFCNqAt7BNI=", "last_login": null, "is_superuser": false, "first_name": "Jamia Nadwiyya", "last_name": "Residential High School", "is_staff": false, "is_active": true, "date_joined": "2025-07-09T06:13:58.435Z", "email": "jnrhs@gmail.com", "usertype": "College", "groups": [], "user_permissions": []}}, {"model": "accounts.user", "pk": 19, "fields": {"password": "pbkdf2_sha256$600000$XoY8tOo4T4x4QTFMYRtKzU$rSlFdiHvWofzMD8ZP8KgPunrTW0vpF5X5rqw92KyzMI=", "last_login": "2025-07-30T12:45:55.505Z", "is_superuser": false, "first_name": "Jamia Nadwiyya", "last_name": "Training College", "is_staff": false, "is_active": true, "date_joined": "2025-07-09T06:14:43.943Z", "email": "jntc@gmail.com", "usertype": "College", "groups": [], "user_permissions": []}}, {"model": "accounts.user", "pk": 20, "fields": {"password": "pbkdf2_sha256$600000$ojWv0KJyf9jP2KaMj028QW$2r2b0WHwg9yR0YTbjtUHQRIsAMatTNyqFAoachKgXzk=", "last_login": null, "is_superuser": false, "first_name": "Jamia Nadwiyya", "last_name": "TTI", "is_staff": false, "is_active": true, "date_joined": "2025-07-09T06:15:36.063Z", "email": "jntti@gmail.com", "usertype": "College", "groups": [], "user_permissions": []}}, {"model": "accounts.user", "pk": 21, "fields": {"password": "pbkdf2_sha256$600000$Er3CA7dguaOrFdHwktj7sv$TCoYOeBx5fdfzcbMNkIqpmthTliXHxPuGgxKFjLJ5bs=", "last_login": "2025-07-10T05:50:30.393Z", "is_superuser": false, "first_name": "Jamia Nadwiyya", "last_name": "Science Academy", "is_staff": false, "is_active": true, "date_joined": "2025-07-09T06:16:25.498Z", "email": "jnsa@gmail.com", "usertype": "College", "groups": [], "user_permissions": []}}, {"model": "accounts.user", "pk": 22, "fields": {"password": "pbkdf2_sha256$600000$wd4fjpgOYx82gyn4CjT9tL$OQ7jLmIdUJze8g64jAzj5OJpD6Q0iXRiO3wTh/Am4jM=", "last_login": "2025-07-29T11:24:28.037Z", "is_superuser": false, "first_name": "Jamia Nadwiyya", "last_name": "Arts & Science College", "is_staff": false, "is_active": true, "date_joined": "2025-07-09T06:17:19.543Z", "email": "jnasc@gmail.com", "usertype": "College", "groups": [], "user_permissions": []}}, {"model": "accounts.user", "pk": 23, "fields": {"password": "pbkdf2_sha256$600000$oFPJkErzh2ZcYUjNJ0AotI$p+91WXgIXz10Iq35+x2PmXlPYPpLrGkLS01n83+U9Ig=", "last_login": null, "is_superuser": false, "first_name": "JNE", "last_name": "SIIS Academy", "is_staff": false, "is_active": true, "date_joined": "2025-07-09T06:18:27.026Z", "email": "jnesiisa@gmail.com", "usertype": "College", "groups": [], "user_permissions": []}}, {"model": "accounts.user", "pk": 24, "fields": {"password": "pbkdf2_sha256$600000$Q6AuKVZxZUtDsrjF8abby8$Fjg5yKyXGf9Lz93n69ltOOFh9kblEre/J2Vrr8wsm/A=", "last_login": null, "is_superuser": false, "first_name": "Jamia Nadwiyya", "last_name": "Creative Women Campus", "is_staff": false, "is_active": true, "date_joined": "2025-07-09T06:19:16.190Z", "email": "jncwc@gmail.com", "usertype": "College", "groups": [], "user_permissions": []}}, {"model": "accounts.user", "pk": 25, "fields": {"password": "pbkdf2_sha256$600000$7xIaWYMaorVD7NAAWVe5su$7DUjd1YoRVopSiMdTpUA8aFcenOBHOhrlnm21J5CxwA=", "last_login": null, "is_superuser": false, "first_name": "JNE", "last_name": "Girls Higher Secondary School", "is_staff": false, "is_active": true, "date_joined": "2025-07-09T06:20:07.821Z", "email": "jneghss@gmail.com", "usertype": "College", "groups": [], "user_permissions": []}}, {"model": "accounts.user", "pk": 26, "fields": {"password": "pbkdf2_sha256$600000$3hLqfW7wX4crfbZZSbgku2$2N3JXH9fZKspTjwtUHMp549/xsmoejJBBFeFz4+mKW4=", "last_login": null, "is_superuser": false, "first_name": "Library", "last_name": "", "is_staff": false, "is_active": true, "date_joined": "2025-07-09T06:20:39.898Z", "email": "library@gmail.com", "usertype": "College", "groups": [], "user_permissions": []}}, {"model": "accounts.user", "pk": 27, "fields": {"password": "pbkdf2_sha256$600000$dfsSvseV1oDitUBMAd6TgK$WFWe4AUFGzYL/IgZiJFZORxRCxQtAF2vHrZTqEeHtgE=", "last_login": null, "is_superuser": false, "first_name": "NCPUL", "last_name": "Study Centre", "is_staff": false, "is_active": true, "date_joined": "2025-07-09T06:21:34.332Z", "email": "ncpulsc@gmail.com", "usertype": "College", "groups": [], "user_permissions": []}}, {"model": "accounts.user", "pk": 28, "fields": {"password": "pbkdf2_sha256$600000$7MXNlMkZ0wTFMIcIj4YBIG$tNtIB+oLJ7h+T//QCcL9aD1NLqtXWTRTu0S2tP7NQ6o=", "last_login": "2025-07-23T12:09:55.007Z", "is_superuser": false, "first_name": "IGNOU", "last_name": "Study Centre", "is_staff": false, "is_active": true, "date_joined": "2025-07-09T06:23:13.798Z", "email": "ignousc@gmail.com", "usertype": "College", "groups": [], "user_permissions": []}}, {"model": "accounts.user", "pk": 29, "fields": {"password": "pbkdf2_sha256$600000$UIgdBUg0m8X3gzlOF1VQsh$gK6ztP6vZXh/m3A7ZD42BPj16VZcuVgmrfYJeogSfnM=", "last_login": "2025-07-28T08:34:19.315Z", "is_superuser": false, "first_name": "Sub Centre For", "last_name": "Coaching The Muslim Youth", "is_staff": false, "is_active": true, "date_joined": "2025-07-09T06:24:12.003Z", "email": "sccmy@gmail.com", "usertype": "College", "groups": [], "user_permissions": []}}, {"model": "accounts.user", "pk": 30, "fields": {"password": "pbkdf2_sha256$600000$kWhehDCjuML2bilISYgOdU$ua6c4WmGCwS7YiJB/09L/GhZgIzyW/Q0L2I6+jRm5vg=", "last_login": "2025-07-30T14:24:11.184Z", "is_superuser": false, "first_name": "Office", "last_name": "Executive", "is_staff": false, "is_active": true, "date_joined": "2025-07-21T11:38:57.472Z", "email": "oe@gmail.com", "usertype": "OE", "groups": [], "user_permissions": []}}, {"model": "accounts.user", "pk": 31, "fields": {"password": "pbkdf2_sha256$600000$dk8iGL4ZXrP8Q2U9ORttdb$yBmn7GTK6Xp8oTiK2CnuqvjRnOvtivtBCj5MDjHe9NY=", "last_login": null, "is_superuser": false, "first_name": "Admin", "last_name": "Block", "is_staff": false, "is_active": true, "date_joined": "2025-07-29T09:00:45.756Z", "email": "admin_block@gmail.com", "usertype": "College", "groups": [], "user_permissions": []}}, {"model": "masters.historicalrequestsubmissiontype", "pk": 1, "fields": {"id": 1, "created": "2025-07-29T04:17:44.297Z", "updated": "2025-07-29T04:17:44.297Z", "is_active": true, "title": "PURCHASE", "creator": 2, "history_date": "2025-07-29T04:17:44.305Z", "history_change_reason": null, "history_type": "+", "history_user": 2}}, {"model": "masters.historicalrequestsubmissiontype", "pk": 2, "fields": {"id": 2, "created": "2025-07-29T04:17:50.997Z", "updated": "2025-07-29T04:17:50.997Z", "is_active": true, "title": "MAINTENANCE", "creator": 2, "history_date": "2025-07-29T04:17:51.002Z", "history_change_reason": null, "history_type": "+", "history_user": 2}}, {"model": "masters.historicalrequestsubmissiontype", "pk": 3, "fields": {"id": 3, "created": "2025-07-29T04:17:58.350Z", "updated": "2025-07-29T04:17:58.350Z", "is_active": true, "title": "FINANCE", "creator": 2, "history_date": "2025-07-29T04:17:58.364Z", "history_change_reason": null, "history_type": "+", "history_user": 2}}, {"model": "masters.historicalrequestsubmissiontype", "pk": 4, "fields": {"id": 4, "created": "2025-07-29T04:18:07.423Z", "updated": "2025-07-29T04:18:07.423Z", "is_active": true, "title": "HR", "creator": 2, "history_date": "2025-07-29T04:18:07.471Z", "history_change_reason": null, "history_type": "+", "history_user": 2}}, {"model": "masters.historicalrequestsubmissiontype", "pk": 5, "fields": {"id": 5, "created": "2025-07-29T04:18:13.801Z", "updated": "2025-07-29T04:18:13.801Z", "is_active": true, "title": "TRANSPORTATION", "creator": 2, "history_date": "2025-07-29T04:18:13.814Z", "history_change_reason": null, "history_type": "+", "history_user": 2}}, {"model": "masters.historicalrequestsubmissiontype", "pk": 6, "fields": {"id": 6, "created": "2025-07-29T04:18:20.100Z", "updated": "2025-07-29T04:18:20.100Z", "is_active": true, "title": "PROGRAMS", "creator": 2, "history_date": "2025-07-29T04:18:20.104Z", "history_change_reason": null, "history_type": "+", "history_user": 2}}, {"model": "masters.historicalrequestsubmissiontype", "pk": 7, "fields": {"id": 7, "created": "2025-07-29T04:18:30.664Z", "updated": "2025-07-29T04:18:30.664Z", "is_active": true, "title": "ACADEMICS", "creator": 2, "history_date": "2025-07-29T04:18:30.668Z", "history_change_reason": null, "history_type": "+", "history_user": 2}}, {"model": "masters.requestsubmissiontype", "pk": 1, "fields": {"created": "2025-07-29T04:17:44.297Z", "updated": "2025-07-29T04:17:44.297Z", "creator": 2, "is_active": true, "title": "PURCHASE"}}, {"model": "masters.requestsubmissiontype", "pk": 2, "fields": {"created": "2025-07-29T04:17:50.997Z", "updated": "2025-07-29T04:17:50.997Z", "creator": 2, "is_active": true, "title": "MAINTENANCE"}}, {"model": "masters.requestsubmissiontype", "pk": 3, "fields": {"created": "2025-07-29T04:17:58.350Z", "updated": "2025-07-29T04:17:58.350Z", "creator": 2, "is_active": true, "title": "FINANCE"}}, {"model": "masters.requestsubmissiontype", "pk": 4, "fields": {"created": "2025-07-29T04:18:07.423Z", "updated": "2025-07-29T04:18:07.423Z", "creator": 2, "is_active": true, "title": "HR"}}, {"model": "masters.requestsubmissiontype", "pk": 5, "fields": {"created": "2025-07-29T04:18:13.801Z", "updated": "2025-07-29T04:18:13.801Z", "creator": 2, "is_active": true, "title": "TRANSPORTATION"}}, {"model": "masters.requestsubmissiontype", "pk": 6, "fields": {"created": "2025-07-29T04:18:20.100Z", "updated": "2025-07-29T04:18:20.100Z", "creator": 2, "is_active": true, "title": "PROGRAMS"}}, {"model": "masters.requestsubmissiontype", "pk": 7, "fields": {"created": "2025-07-29T04:18:30.664Z", "updated": "2025-07-29T04:18:30.664Z", "creator": 2, "is_active": true, "title": "ACADEMICS"}}, {"model": "masters.historicalrequestsubmission", "pk": 1, "fields": {"id": 1, "created": "2025-07-30T14:22:00.597Z", "updated": "2025-07-30T14:22:00.597Z", "is_active": true, "request_id": "REQ0001", "description": "<p>We want to conduct a program of Hadith seminars 12.08.2025 need the permission and grand 20000 rupees may kindly submit the permission and please book the date.</p>", "attachment": "", "current_usertype": "College", "usertype_flow": ["College", "OE"], "status": "forwarded", "creator": 14, "college": 13, "title": 6, "created_by": 13, "updated_by": null, "history_date": "2025-07-30T14:22:00.605Z", "history_change_reason": null, "history_type": "+", "history_user": 14}}, {"model": "masters.historicalrequestsubmission", "pk": 2, "fields": {"id": 1, "created": "2025-07-30T14:22:00.597Z", "updated": "2025-07-30T14:24:47.101Z", "is_active": true, "request_id": "REQ0001", "description": "<p>We want to conduct a program of Hadith seminars 12.08.2025 need the permission and grand 20000 rupees may kindly submit the permission and please book the date.</p>", "attachment": "", "current_usertype": "director", "usertype_flow": ["College", "OE", "director"], "status": "forwarded", "creator": 14, "college": 13, "title": 6, "created_by": 13, "updated_by": 29, "history_date": "2025-07-30T14:24:47.108Z", "history_change_reason": null, "history_type": "~", "history_user": 30}}, {"model": "masters.historicalrequestsubmission", "pk": 3, "fields": {"id": 2, "created": "2025-07-30T14:26:19.155Z", "updated": "2025-07-30T14:26:19.155Z", "is_active": true, "request_id": "REQ0002", "description": "<p>Need 24556 rupees to Hardee&rsquo;s program</p>", "attachment": "", "current_usertype": "College", "usertype_flow": ["College", "OE"], "status": "forwarded", "creator": 14, "college": 13, "title": 6, "created_by": 13, "updated_by": null, "history_date": "2025-07-30T14:26:19.160Z", "history_change_reason": null, "history_type": "+", "history_user": 14}}, {"model": "masters.historicalrequestsubmission", "pk": 4, "fields": {"id": 2, "created": "2025-07-30T14:26:19.155Z", "updated": "2025-07-30T14:27:07.224Z", "is_active": true, "request_id": "REQ0002", "description": "<p>Need 24556 rupees to Hardee&rsquo;s program</p>", "attachment": "", "current_usertype": "AA", "usertype_flow": ["College", "OE", "AA", "director"], "status": "forwarded", "creator": 14, "college": 13, "title": 6, "created_by": 13, "updated_by": 29, "history_date": "2025-07-30T14:27:07.247Z", "history_change_reason": null, "history_type": "~", "history_user": 30}}, {"model": "masters.historicalrequestsubmission", "pk": 5, "fields": {"id": 2, "created": "2025-07-30T14:26:19.155Z", "updated": "2025-07-30T14:29:31.551Z", "is_active": true, "request_id": "REQ0002", "description": "<p>Need 24556 rupees to Hardee&rsquo;s program</p>", "attachment": "", "current_usertype": "director", "usertype_flow": ["College", "OE", "AA", "director"], "status": "forwarded", "creator": 14, "college": 13, "title": 6, "created_by": 13, "updated_by": 4, "history_date": "2025-07-30T14:29:31.556Z", "history_change_reason": null, "history_type": "~", "history_user": 6}}, {"model": "masters.historicalrequestsubmission", "pk": 6, "fields": {"id": 1, "created": "2025-07-30T14:22:00.597Z", "updated": "2025-07-30T14:31:49.520Z", "is_active": true, "request_id": "REQ0001", "description": "<p>We want to conduct a program of Hadith seminars 12.08.2025 need the permission and grand 20000 rupees may kindly submit the permission and please book the date.</p>", "attachment": "", "current_usertype": "OE", "usertype_flow": ["College", "OE", "director", "OE"], "status": "approved", "creator": 14, "college": 13, "title": 6, "created_by": 13, "updated_by": 1, "history_date": "2025-07-30T14:31:49.529Z", "history_change_reason": null, "history_type": "~", "history_user": 2}}, {"model": "masters.historicalrequestsubmission", "pk": 7, "fields": {"id": 2, "created": "2025-07-30T14:26:19.155Z", "updated": "2025-07-30T14:32:22.561Z", "is_active": true, "request_id": "REQ0002", "description": "<p>Need 24556 rupees to Hardee&rsquo;s program</p>", "attachment": "", "current_usertype": "OE", "usertype_flow": ["College", "OE", "AA", "director", "OE"], "status": "rejected", "creator": 14, "college": 13, "title": 6, "created_by": 13, "updated_by": 1, "history_date": "2025-07-30T14:32:22.566Z", "history_change_reason": null, "history_type": "~", "history_user": 2}}, {"model": "masters.historicalrequestsubmission", "pk": 8, "fields": {"id": 1, "created": "2025-07-30T14:22:00.597Z", "updated": "2025-07-30T14:41:30.036Z", "is_active": true, "request_id": "REQ0001", "description": "<p>We want to conduct a program of Hadith seminars 12.08.2025 need the permission and grand 20000 rupees may kindly submit the permission and please book the date.</p>", "attachment": "", "current_usertype": "College", "usertype_flow": ["College", "OE", "director", "OE"], "status": "approved", "creator": 14, "college": 13, "title": 6, "created_by": 13, "updated_by": 29, "history_date": "2025-07-30T14:41:30.041Z", "history_change_reason": null, "history_type": "~", "history_user": 30}}, {"model": "masters.historicalrequestsubmission", "pk": 9, "fields": {"id": 2, "created": "2025-07-30T14:26:19.155Z", "updated": "2025-07-30T14:43:49.287Z", "is_active": true, "request_id": "REQ0002", "description": "<p>Need 24556 rupees to Hardee&rsquo;s program</p>", "attachment": "", "current_usertype": "College", "usertype_flow": ["College", "OE", "AA", "director", "OE"], "status": "rejected", "creator": 14, "college": 13, "title": 6, "created_by": 13, "updated_by": 29, "history_date": "2025-07-30T14:43:49.295Z", "history_change_reason": null, "history_type": "~", "history_user": 30}}, {"model": "masters.requestsubmission", "pk": 1, "fields": {"created": "2025-07-30T14:22:00.597Z", "updated": "2025-07-30T14:41:30.036Z", "creator": 14, "is_active": true, "request_id": "REQ0001", "college": 13, "title": 6, "description": "<p>We want to conduct a program of Hadith seminars 12.08.2025 need the permission and grand 20000 rupees may kindly submit the permission and please book the date.</p>", "attachment": "", "current_usertype": "College", "usertype_flow": ["College", "OE", "director", "OE"], "status": "approved", "created_by": 13, "updated_by": 29}}, {"model": "masters.requestsubmission", "pk": 2, "fields": {"created": "2025-07-30T14:26:19.155Z", "updated": "2025-07-30T14:43:49.287Z", "creator": 14, "is_active": true, "request_id": "REQ0002", "college": 13, "title": 6, "description": "<p>Need 24556 rupees to Hardee&rsquo;s program</p>", "attachment": "", "current_usertype": "College", "usertype_flow": ["College", "OE", "AA", "director", "OE"], "status": "rejected", "created_by": 13, "updated_by": 29}}, {"model": "masters.historicalrequestsubmissionstatushistory", "pk": 1, "fields": {"id": 1, "created": "2025-07-30T14:22:00.621Z", "updated": "2025-07-30T14:22:00.621Z", "is_active": true, "usertype": "College", "next_usertype": "OE", "status": "forwarded", "remark": "College assigned the request directly to OE.", "date": "2025-07-30T14:22:00.621Z", "creator": null, "submission": 1, "user": 13, "history_date": "2025-07-30T14:22:00.623Z", "history_change_reason": null, "history_type": "+", "history_user": 14}}, {"model": "masters.historicalrequestsubmissionstatushistory", "pk": 2, "fields": {"id": 2, "created": "2025-07-30T14:24:47.115Z", "updated": "2025-07-30T14:24:47.115Z", "is_active": true, "usertype": "OE", "next_usertype": "director", "status": "forwarded", "remark": "Created usertype flow", "date": "2025-07-30T14:24:47.115Z", "creator": null, "submission": 1, "user": 29, "history_date": "2025-07-30T14:24:47.119Z", "history_change_reason": null, "history_type": "+", "history_user": 30}}, {"model": "masters.historicalrequestsubmissionstatushistory", "pk": 3, "fields": {"id": 3, "created": "2025-07-30T14:26:19.169Z", "updated": "2025-07-30T14:26:19.169Z", "is_active": true, "usertype": "College", "next_usertype": "OE", "status": "forwarded", "remark": "College assigned the request directly to OE.", "date": "2025-07-30T14:26:19.169Z", "creator": null, "submission": 2, "user": 13, "history_date": "2025-07-30T14:26:19.171Z", "history_change_reason": null, "history_type": "+", "history_user": 14}}, {"model": "masters.historicalrequestsubmissionstatushistory", "pk": 4, "fields": {"id": 4, "created": "2025-07-30T14:27:07.261Z", "updated": "2025-07-30T14:27:07.261Z", "is_active": true, "usertype": "OE", "next_usertype": "AA", "status": "forwarded", "remark": "Created usertype flow", "date": "2025-07-30T14:27:07.261Z", "creator": null, "submission": 2, "user": 29, "history_date": "2025-07-30T14:27:07.272Z", "history_change_reason": null, "history_type": "+", "history_user": 30}}, {"model": "masters.historicalrequestsubmissionstatushistory", "pk": 5, "fields": {"id": 5, "created": "2025-07-30T14:29:31.562Z", "updated": "2025-07-30T14:29:31.562Z", "is_active": true, "usertype": "AA", "next_usertype": "director", "status": "forwarded", "remark": "<p>now we cant bare this amount its time of crucial .&nbsp;</p>", "date": "2025-07-30T14:29:31.562Z", "creator": null, "submission": 2, "user": 4, "history_date": "2025-07-30T14:29:31.566Z", "history_change_reason": null, "history_type": "+", "history_user": 6}}, {"model": "masters.historicalrequestsubmissionstatushistory", "pk": 6, "fields": {"id": 6, "created": "2025-07-30T14:31:49.537Z", "updated": "2025-07-30T14:31:49.537Z", "is_active": true, "usertype": "director", "next_usertype": "OE", "status": "approved", "remark": "<p>agreed</p>", "date": "2025-07-30T14:31:49.537Z", "creator": null, "submission": 1, "user": 1, "history_date": "2025-07-30T14:31:49.543Z", "history_change_reason": null, "history_type": "+", "history_user": 2}}, {"model": "masters.historicalrequestsubmissionstatushistory", "pk": 7, "fields": {"id": 7, "created": "2025-07-30T14:32:22.573Z", "updated": "2025-07-30T14:32:22.573Z", "is_active": true, "usertype": "director", "next_usertype": "OE", "status": "rejected", "remark": "<p>no need now</p>", "date": "2025-07-30T14:32:22.573Z", "creator": null, "submission": 2, "user": 1, "history_date": "2025-07-30T14:32:22.577Z", "history_change_reason": null, "history_type": "+", "history_user": 2}}, {"model": "masters.historicalrequestsubmissionstatushistory", "pk": 8, "fields": {"id": 8, "created": "2025-07-30T14:41:30.047Z", "updated": "2025-07-30T14:41:30.048Z", "is_active": true, "usertype": "OE", "next_usertype": "College", "status": "forwarded", "remark": "<p class=\"selectable-text copyable-text x15bjb6t x1n2onr6\" dir=\"ltr\" style=\"text-align: justify;\"><strong><span class=\"selectable-text copyable-text xkrh14z\">JAMIA NADWIYYA EDAVANNA</span></strong></p>\r\n<p class=\"selectable-text copyable-text x15bjb6t x1n2onr6\" dir=\"ltr\" style=\"text-align: justify;\"><span class=\"selectable-text copyable-text xkrh14z\">Date: 30/07/2025</span></p>\r\n<p class=\"selectable-text copyable-text x15bjb6t x1n2onr6\" dir=\"ltr\" style=\"text-align: justify;\"><span class=\"selectable-text copyable-text xkrh14z\"><strong>Subject:</strong> Approval of Conducting Hadith Seminar and Sanction of Funds</span></p>\r\n<p class=\"selectable-text copyable-text x15bjb6t x1n2onr6\" dir=\"ltr\" style=\"text-align: justify;\"><span class=\"selectable-text copyable-text xkrh14z\">On request from the Principal, Jamia Nadwiyya Khairul Huda (JNKH), regarding the conduct of a Hadith seminar and the requirement of funds, the following order is hereby issued:</span></p>\r\n<p class=\"selectable-text copyable-text x15bjb6t x1n2onr6\" dir=\"ltr\" style=\"text-align: justify;\"><span class=\"selectable-text copyable-text xkrh14z\"><strong>Permission Granted: </strong>Approval is accorded to the Principal, JNKH, to organize the Hadith seminar as proposed.</span></p>\r\n<p class=\"selectable-text copyable-text x15bjb6t x1n2onr6\" dir=\"ltr\" style=\"text-align: justify;\"><span class=\"selectable-text copyable-text xkrh14z\"><strong>Sanction of Funds:</strong> A sum of 2,000 (Rupees Two Thousand Only) is sanctioned for the purpose of conducting the seminar. The amount may be drawn from the institution&rsquo;s allotted budget for academic activities.</span></p>\r\n<p class=\"selectable-text copyable-text x15bjb6t x1n2onr6\" dir=\"ltr\" style=\"text-align: justify;\"><span class=\"selectable-text copyable-text xkrh14z\"><strong>Utilization &amp; Documentation: </strong>The Principal must ensure that the funds are utilized strictly for the approved purpose. Detailed accounts and supporting bills must be submitted to the Accounts Department within 7 days of the seminar&rsquo;s conclusion.</span></p>\r\n<p class=\"selectable-text copyable-text x15bjb6t x1n2onr6\" dir=\"ltr\" style=\"text-align: justify;\"><span class=\"selectable-text copyable-text xkrh14z\"><strong>Transparency: </strong>All arrangements and expenditure related to the seminar should adhere to institutional norms for transparency and governance.</span></p>\r\n<p class=\"selectable-text copyable-text x15bjb6t x1n2onr6\" dir=\"ltr\" style=\"text-align: justify;\"><span class=\"selectable-text copyable-text xkrh14z\"><strong>Further Actions: </strong>Any deviation or requirement of additional resources must be placed before the Director for consideration.</span></p>", "date": "2025-07-30T14:41:30.048Z", "creator": null, "submission": 1, "user": 29, "history_date": "2025-07-30T14:41:30.051Z", "history_change_reason": null, "history_type": "+", "history_user": 30}}, {"model": "masters.historicalrequestsubmissionstatushistory", "pk": 9, "fields": {"id": 9, "created": "2025-07-30T14:43:49.309Z", "updated": "2025-07-30T14:43:49.309Z", "is_active": true, "usertype": "OE", "next_usertype": "College", "status": "forwarded", "remark": "<h2 class=\"mb-xs mt-5 text-base font-[500] first:mt-0 dark:font-[475]\">JAMIA NADWIYYA EDAVANNA</h2>\r\n<p class=\"mb-xs mt-5 text-base font-[500] first:mt-0 dark:font-[475]\">Date: 30/07/2025</p>\r\n<h2 class=\"mb-xs mt-5 text-base font-[500] first:mt-0 dark:font-[475]\">Subject: Rejection of Request for Conducting Hadith Seminar and Fund Sanction</h2>\r\n<p class=\"my-0\">On review of the request submitted by the Principal, Jamia Nadwiyya Khairul Huda (JNKH), regarding the conduct of a Hadith seminar and the requirement of funds, the following order is hereby issued:</p>\r\n<ol class=\"marker:text-textOff list-decimal\">\r\n<li>\r\n<p class=\"my-0\"><strong>Request Not Approved</strong>: The request to conduct the proposed Hadith seminar at JNKH, along with the sanction of 2,000 (Rupees Two Thousand Only), is not approved at this time.</p>\r\n</li>\r\n<li>\r\n<p class=\"my-0\"><strong>Reason for Rejection</strong>: [State specific reason(s) for rejection, if applicable &ndash; e.g., budget constraints, scheduling conflicts, missing documentation, etc.]</p>\r\n</li>\r\n<li>\r\n<p class=\"my-0\"><strong>Future Consideration</strong>: The Principal is advised to address the noted concerns (if any) and may resubmit the proposal, or submit new proposals in line with institutional priorities and available resources.</p>\r\n</li>\r\n<li>\r\n<p class=\"my-0\"><strong>Record &amp; Communication</strong>: This decision is to be communicated to all relevant parties and a copy retained in institutional records for future reference.</p>\r\n</li>\r\n</ol>", "date": "2025-07-30T14:43:49.309Z", "creator": null, "submission": 2, "user": 29, "history_date": "2025-07-30T14:43:49.313Z", "history_change_reason": null, "history_type": "+", "history_user": 30}}, {"model": "masters.requestsubmissionstatushistory", "pk": 1, "fields": {"created": "2025-07-30T14:22:00.621Z", "updated": "2025-07-30T14:22:00.621Z", "creator": null, "is_active": true, "submission": 1, "user": 13, "usertype": "College", "next_usertype": "OE", "status": "forwarded", "remark": "College assigned the request directly to OE.", "date": "2025-07-30T14:22:00.621Z", "submitted_users": []}}, {"model": "masters.requestsubmissionstatushistory", "pk": 2, "fields": {"created": "2025-07-30T14:24:47.115Z", "updated": "2025-07-30T14:24:47.115Z", "creator": null, "is_active": true, "submission": 1, "user": 29, "usertype": "OE", "next_usertype": "director", "status": "forwarded", "remark": "Created usertype flow", "date": "2025-07-30T14:24:47.115Z", "submitted_users": [29]}}, {"model": "masters.requestsubmissionstatushistory", "pk": 3, "fields": {"created": "2025-07-30T14:26:19.169Z", "updated": "2025-07-30T14:26:19.169Z", "creator": null, "is_active": true, "submission": 2, "user": 13, "usertype": "College", "next_usertype": "OE", "status": "forwarded", "remark": "College assigned the request directly to OE.", "date": "2025-07-30T14:26:19.169Z", "submitted_users": []}}, {"model": "masters.requestsubmissionstatushistory", "pk": 4, "fields": {"created": "2025-07-30T14:27:07.261Z", "updated": "2025-07-30T14:27:07.261Z", "creator": null, "is_active": true, "submission": 2, "user": 29, "usertype": "OE", "next_usertype": "AA", "status": "forwarded", "remark": "Created usertype flow", "date": "2025-07-30T14:27:07.261Z", "submitted_users": [29]}}, {"model": "masters.requestsubmissionstatushistory", "pk": 5, "fields": {"created": "2025-07-30T14:29:31.562Z", "updated": "2025-07-30T14:29:31.562Z", "creator": null, "is_active": true, "submission": 2, "user": 4, "usertype": "AA", "next_usertype": "director", "status": "forwarded", "remark": "<p>now we cant bare this amount its time of crucial .&nbsp;</p>", "date": "2025-07-30T14:29:31.562Z", "submitted_users": [4]}}, {"model": "masters.requestsubmissionstatushistory", "pk": 6, "fields": {"created": "2025-07-30T14:31:49.537Z", "updated": "2025-07-30T14:31:49.537Z", "creator": null, "is_active": true, "submission": 1, "user": 1, "usertype": "director", "next_usertype": "OE", "status": "approved", "remark": "<p>agreed</p>", "date": "2025-07-30T14:31:49.537Z", "submitted_users": [1]}}, {"model": "masters.requestsubmissionstatushistory", "pk": 7, "fields": {"created": "2025-07-30T14:32:22.573Z", "updated": "2025-07-30T14:32:22.573Z", "creator": null, "is_active": true, "submission": 2, "user": 1, "usertype": "director", "next_usertype": "OE", "status": "rejected", "remark": "<p>no need now</p>", "date": "2025-07-30T14:32:22.573Z", "submitted_users": [1]}}, {"model": "masters.requestsubmissionstatushistory", "pk": 8, "fields": {"created": "2025-07-30T14:41:30.047Z", "updated": "2025-07-30T14:41:30.048Z", "creator": null, "is_active": true, "submission": 1, "user": 29, "usertype": "OE", "next_usertype": "College", "status": "forwarded", "remark": "<p class=\"selectable-text copyable-text x15bjb6t x1n2onr6\" dir=\"ltr\" style=\"text-align: justify;\"><strong><span class=\"selectable-text copyable-text xkrh14z\">JAMIA NADWIYYA EDAVANNA</span></strong></p>\r\n<p class=\"selectable-text copyable-text x15bjb6t x1n2onr6\" dir=\"ltr\" style=\"text-align: justify;\"><span class=\"selectable-text copyable-text xkrh14z\">Date: 30/07/2025</span></p>\r\n<p class=\"selectable-text copyable-text x15bjb6t x1n2onr6\" dir=\"ltr\" style=\"text-align: justify;\"><span class=\"selectable-text copyable-text xkrh14z\"><strong>Subject:</strong> Approval of Conducting Hadith Seminar and Sanction of Funds</span></p>\r\n<p class=\"selectable-text copyable-text x15bjb6t x1n2onr6\" dir=\"ltr\" style=\"text-align: justify;\"><span class=\"selectable-text copyable-text xkrh14z\">On request from the Principal, Jamia Nadwiyya Khairul Huda (JNKH), regarding the conduct of a Hadith seminar and the requirement of funds, the following order is hereby issued:</span></p>\r\n<p class=\"selectable-text copyable-text x15bjb6t x1n2onr6\" dir=\"ltr\" style=\"text-align: justify;\"><span class=\"selectable-text copyable-text xkrh14z\"><strong>Permission Granted: </strong>Approval is accorded to the Principal, JNKH, to organize the Hadith seminar as proposed.</span></p>\r\n<p class=\"selectable-text copyable-text x15bjb6t x1n2onr6\" dir=\"ltr\" style=\"text-align: justify;\"><span class=\"selectable-text copyable-text xkrh14z\"><strong>Sanction of Funds:</strong> A sum of 2,000 (Rupees Two Thousand Only) is sanctioned for the purpose of conducting the seminar. The amount may be drawn from the institution&rsquo;s allotted budget for academic activities.</span></p>\r\n<p class=\"selectable-text copyable-text x15bjb6t x1n2onr6\" dir=\"ltr\" style=\"text-align: justify;\"><span class=\"selectable-text copyable-text xkrh14z\"><strong>Utilization &amp; Documentation: </strong>The Principal must ensure that the funds are utilized strictly for the approved purpose. Detailed accounts and supporting bills must be submitted to the Accounts Department within 7 days of the seminar&rsquo;s conclusion.</span></p>\r\n<p class=\"selectable-text copyable-text x15bjb6t x1n2onr6\" dir=\"ltr\" style=\"text-align: justify;\"><span class=\"selectable-text copyable-text xkrh14z\"><strong>Transparency: </strong>All arrangements and expenditure related to the seminar should adhere to institutional norms for transparency and governance.</span></p>\r\n<p class=\"selectable-text copyable-text x15bjb6t x1n2onr6\" dir=\"ltr\" style=\"text-align: justify;\"><span class=\"selectable-text copyable-text xkrh14z\"><strong>Further Actions: </strong>Any deviation or requirement of additional resources must be placed before the Director for consideration.</span></p>", "date": "2025-07-30T14:41:30.048Z", "submitted_users": [29]}}, {"model": "masters.requestsubmissionstatushistory", "pk": 9, "fields": {"created": "2025-07-30T14:43:49.309Z", "updated": "2025-07-30T14:43:49.309Z", "creator": null, "is_active": true, "submission": 2, "user": 29, "usertype": "OE", "next_usertype": "College", "status": "forwarded", "remark": "<h2 class=\"mb-xs mt-5 text-base font-[500] first:mt-0 dark:font-[475]\">JAMIA NADWIYYA EDAVANNA</h2>\r\n<p class=\"mb-xs mt-5 text-base font-[500] first:mt-0 dark:font-[475]\">Date: 30/07/2025</p>\r\n<h2 class=\"mb-xs mt-5 text-base font-[500] first:mt-0 dark:font-[475]\">Subject: Rejection of Request for Conducting Hadith Seminar and Fund Sanction</h2>\r\n<p class=\"my-0\">On review of the request submitted by the Principal, Jamia Nadwiyya Khairul Huda (JNKH), regarding the conduct of a Hadith seminar and the requirement of funds, the following order is hereby issued:</p>\r\n<ol class=\"marker:text-textOff list-decimal\">\r\n<li>\r\n<p class=\"my-0\"><strong>Request Not Approved</strong>: The request to conduct the proposed Hadith seminar at JNKH, along with the sanction of 2,000 (Rupees Two Thousand Only), is not approved at this time.</p>\r\n</li>\r\n<li>\r\n<p class=\"my-0\"><strong>Reason for Rejection</strong>: [State specific reason(s) for rejection, if applicable &ndash; e.g., budget constraints, scheduling conflicts, missing documentation, etc.]</p>\r\n</li>\r\n<li>\r\n<p class=\"my-0\"><strong>Future Consideration</strong>: The Principal is advised to address the noted concerns (if any) and may resubmit the proposal, or submit new proposals in line with institutional priorities and available resources.</p>\r\n</li>\r\n<li>\r\n<p class=\"my-0\"><strong>Record &amp; Communication</strong>: This decision is to be communicated to all relevant parties and a copy retained in institutional records for future reference.</p>\r\n</li>\r\n</ol>", "date": "2025-07-30T14:43:49.309Z", "submitted_users": [29]}}, {"model": "masters.historicalmemo", "pk": 1, "fields": {"id": 1, "created": "2025-07-30T12:41:14.034Z", "updated": "2025-07-30T12:41:14.034Z", "is_active": true, "title": "Test Memo", "description": "<p>This is the test memo</p>", "creator": 2, "history_date": "2025-07-30T12:41:14.042Z", "history_change_reason": null, "history_type": "+", "history_user": 2}}, {"model": "masters.historicalmemo", "pk": 2, "fields": {"id": 2, "created": "2025-07-30T12:45:32.842Z", "updated": "2025-07-30T12:45:32.842Z", "is_active": true, "title": "aaa", "description": "<p>aaaa</p>", "creator": 2, "history_date": "2025-07-30T12:45:33.227Z", "history_change_reason": null, "history_type": "+", "history_user": 2}}, {"model": "masters.memo", "pk": 1, "fields": {"created": "2025-07-30T12:41:14.034Z", "updated": "2025-07-30T12:41:14.034Z", "creator": 2, "is_active": true, "title": "Test Memo", "description": "<p>This is the test memo</p>", "college": [9]}}, {"model": "masters.memo", "pk": 2, "fields": {"created": "2025-07-30T12:45:32.842Z", "updated": "2025-07-30T12:45:32.842Z", "creator": 2, "is_active": true, "title": "aaa", "description": "<p>aaaa</p>", "college": [18]}}, {"model": "users.historicaluserprofile", "pk": 1, "fields": {"id": 1, "created": "2025-07-09T05:34:20.680Z", "updated": "2025-07-09T05:34:20.680Z", "is_active": true, "first_name": "Director", "last_name": null, "profile_id": "0001", "email": "director@gmail.com", "mobile": "+91 9074117626", "whatsapp": null, "photo": "", "creator": null, "user": null, "history_date": "2025-07-09T05:34:20.688Z", "history_change_reason": null, "history_type": "+", "history_user": 1}}, {"model": "users.historicaluserprofile", "pk": 2, "fields": {"id": 1, "created": "2025-07-09T05:34:20.680Z", "updated": "2025-07-09T05:34:20.698Z", "is_active": true, "first_name": "Director", "last_name": null, "profile_id": "0001", "email": "director@gmail.com", "mobile": "+91 9074117626", "whatsapp": null, "photo": "", "creator": 1, "user": null, "history_date": "2025-07-09T05:34:20.702Z", "history_change_reason": null, "history_type": "~", "history_user": 1}}, {"model": "users.historicaluserprofile", "pk": 3, "fields": {"id": 1, "created": "2025-07-09T05:34:20.680Z", "updated": "2025-07-09T05:34:37.052Z", "is_active": true, "first_name": "Director", "last_name": null, "profile_id": "0001", "email": "director@gmail.com", "mobile": "+91 9074117626", "whatsapp": null, "photo": "", "creator": 1, "user": 2, "history_date": "2025-07-09T05:34:37.054Z", "history_change_reason": null, "history_type": "~", "history_user": 1}}, {"model": "users.historicaluserprofile", "pk": 4, "fields": {"id": 2, "created": "2025-07-09T05:44:16.212Z", "updated": "2025-07-09T05:44:16.212Z", "is_active": true, "first_name": "Public Relation Officer", "last_name": null, "profile_id": "0002", "email": "pro@gmail.com", "mobile": "+91 9074117626", "whatsapp": null, "photo": "", "creator": null, "user": null, "history_date": "2025-07-09T05:44:16.217Z", "history_change_reason": null, "history_type": "+", "history_user": 2}}, {"model": "users.historicaluserprofile", "pk": 5, "fields": {"id": 2, "created": "2025-07-09T05:44:16.212Z", "updated": "2025-07-09T05:44:16.223Z", "is_active": true, "first_name": "Public Relation Officer", "last_name": null, "profile_id": "0002", "email": "pro@gmail.com", "mobile": "+91 9074117626", "whatsapp": null, "photo": "", "creator": 2, "user": null, "history_date": "2025-07-09T05:44:16.227Z", "history_change_reason": null, "history_type": "~", "history_user": 2}}, {"model": "users.historicaluserprofile", "pk": 6, "fields": {"id": 2, "created": "2025-07-09T05:44:16.212Z", "updated": "2025-07-09T05:44:34.372Z", "is_active": true, "first_name": "Public Relation Officer", "last_name": null, "profile_id": "0002", "email": "pro@gmail.com", "mobile": "+91 9074117626", "whatsapp": null, "photo": "", "creator": 2, "user": 3, "history_date": "2025-07-09T05:44:34.376Z", "history_change_reason": null, "history_type": "~", "history_user": 2}}, {"model": "users.historicaluserprofile", "pk": 7, "fields": {"id": 3, "created": "2025-07-09T05:46:36.838Z", "updated": "2025-07-09T05:46:36.838Z", "is_active": true, "first_name": "Chief Relation Officer", "last_name": null, "profile_id": "0003", "email": "cro@gmail.com", "mobile": "+91 9074117626", "whatsapp": null, "photo": "", "creator": null, "user": null, "history_date": "2025-07-09T05:46:36.844Z", "history_change_reason": null, "history_type": "+", "history_user": 2}}, {"model": "users.historicaluserprofile", "pk": 8, "fields": {"id": 3, "created": "2025-07-09T05:46:36.838Z", "updated": "2025-07-09T05:46:36.852Z", "is_active": true, "first_name": "Chief Relation Officer", "last_name": null, "profile_id": "0003", "email": "cro@gmail.com", "mobile": "+91 9074117626", "whatsapp": null, "photo": "", "creator": 2, "user": null, "history_date": "2025-07-09T05:46:36.856Z", "history_change_reason": null, "history_type": "~", "history_user": 2}}, {"model": "users.historicaluserprofile", "pk": 9, "fields": {"id": 3, "created": "2025-07-09T05:46:36.838Z", "updated": "2025-07-09T05:46:49.428Z", "is_active": true, "first_name": "Chief Relation Officer", "last_name": null, "profile_id": "0003", "email": "cro@gmail.com", "mobile": "+91 9074117626", "whatsapp": null, "photo": "", "creator": 2, "user": 4, "history_date": "2025-07-09T05:46:49.432Z", "history_change_reason": null, "history_type": "~", "history_user": 2}}, {"model": "users.historicaluserprofile", "pk": 10, "fields": {"id": 4, "created": "2025-07-09T05:47:25.252Z", "updated": "2025-07-09T05:47:25.252Z", "is_active": true, "first_name": "Chief Academic Officer", "last_name": null, "profile_id": "0004", "email": "cao@gmail.com", "mobile": "+91 9074117626", "whatsapp": null, "photo": "", "creator": null, "user": null, "history_date": "2025-07-09T05:47:25.255Z", "history_change_reason": null, "history_type": "+", "history_user": 2}}, {"model": "users.historicaluserprofile", "pk": 11, "fields": {"id": 4, "created": "2025-07-09T05:47:25.252Z", "updated": "2025-07-09T05:47:25.261Z", "is_active": true, "first_name": "Chief Academic Officer", "last_name": null, "profile_id": "0004", "email": "cao@gmail.com", "mobile": "+91 9074117626", "whatsapp": null, "photo": "", "creator": 2, "user": null, "history_date": "2025-07-09T05:47:25.265Z", "history_change_reason": null, "history_type": "~", "history_user": 2}}, {"model": "users.historicaluserprofile", "pk": 12, "fields": {"id": 5, "created": "2025-07-09T05:47:25.409Z", "updated": "2025-07-09T05:47:25.409Z", "is_active": true, "first_name": "Chief Academic Officer", "last_name": null, "profile_id": "0005", "email": "cao@gmail.com", "mobile": "+91 9074117626", "whatsapp": null, "photo": "", "creator": null, "user": null, "history_date": "2025-07-09T05:47:25.412Z", "history_change_reason": null, "history_type": "+", "history_user": 2}}, {"model": "users.historicaluserprofile", "pk": 13, "fields": {"id": 5, "created": "2025-07-09T05:47:25.409Z", "updated": "2025-07-09T05:47:25.419Z", "is_active": true, "first_name": "Chief Academic Officer", "last_name": null, "profile_id": "0005", "email": "cao@gmail.com", "mobile": "+91 9074117626", "whatsapp": null, "photo": "", "creator": 2, "user": null, "history_date": "2025-07-09T05:47:25.423Z", "history_change_reason": null, "history_type": "~", "history_user": 2}}, {"model": "users.historicaluserprofile", "pk": 14, "fields": {"id": 5, "created": "2025-07-09T05:47:25.409Z", "updated": "2025-07-09T05:47:40.207Z", "is_active": true, "first_name": "Chief Academic Officer", "last_name": null, "profile_id": "0005", "email": "cao@gmail.com", "mobile": "+91 9074117626", "whatsapp": null, "photo": "", "creator": 2, "user": 5, "history_date": "2025-07-09T05:47:40.211Z", "history_change_reason": null, "history_type": "~", "history_user": 2}}, {"model": "users.historicaluserprofile", "pk": 15, "fields": {"id": 4, "created": "2025-07-09T05:47:25.252Z", "updated": "2025-07-09T05:48:27.020Z", "is_active": true, "first_name": "Assistant Administrator", "last_name": null, "profile_id": "0004", "email": "aa@gmail.com", "mobile": "+91 9074117626", "whatsapp": null, "photo": "", "creator": 2, "user": null, "history_date": "2025-07-09T05:48:27.027Z", "history_change_reason": null, "history_type": "~", "history_user": 2}}, {"model": "users.historicaluserprofile", "pk": 16, "fields": {"id": 4, "created": "2025-07-09T05:47:25.252Z", "updated": "2025-07-09T05:48:39.231Z", "is_active": true, "first_name": "Assistant Administrator", "last_name": null, "profile_id": "0004", "email": "aa@gmail.com", "mobile": "+91 9074117626", "whatsapp": null, "photo": "", "creator": 2, "user": 6, "history_date": "2025-07-09T05:48:39.235Z", "history_change_reason": null, "history_type": "~", "history_user": 2}}, {"model": "users.historicaluserprofile", "pk": 17, "fields": {"id": 6, "created": "2025-07-09T05:49:48.440Z", "updated": "2025-07-09T05:49:48.440Z", "is_active": true, "first_name": "Admin Coordinator", "last_name": null, "profile_id": "0006", "email": "ac@gmail.com", "mobile": "+91 9074117626", "whatsapp": null, "photo": "", "creator": null, "user": null, "history_date": "2025-07-09T05:49:48.522Z", "history_change_reason": null, "history_type": "+", "history_user": 2}}, {"model": "users.historicaluserprofile", "pk": 18, "fields": {"id": 6, "created": "2025-07-09T05:49:48.440Z", "updated": "2025-07-09T05:49:48.551Z", "is_active": true, "first_name": "Admin Coordinator", "last_name": null, "profile_id": "0006", "email": "ac@gmail.com", "mobile": "+91 9074117626", "whatsapp": null, "photo": "", "creator": 2, "user": null, "history_date": "2025-07-09T05:49:48.576Z", "history_change_reason": null, "history_type": "~", "history_user": 2}}, {"model": "users.historicaluserprofile", "pk": 19, "fields": {"id": 6, "created": "2025-07-09T05:49:48.440Z", "updated": "2025-07-09T05:50:00.913Z", "is_active": true, "first_name": "Admin Coordinator", "last_name": null, "profile_id": "0006", "email": "ac@gmail.com", "mobile": "+91 9074117626", "whatsapp": null, "photo": "", "creator": 2, "user": 7, "history_date": "2025-07-09T05:50:00.954Z", "history_change_reason": null, "history_type": "~", "history_user": 2}}, {"model": "users.historicaluserprofile", "pk": 20, "fields": {"id": 7, "created": "2025-07-09T05:50:57.951Z", "updated": "2025-07-09T05:50:57.951Z", "is_active": true, "first_name": "Finance Officer", "last_name": null, "profile_id": "0007", "email": "fo@gmail.com", "mobile": "+91 9074117626", "whatsapp": null, "photo": "", "creator": null, "user": null, "history_date": "2025-07-09T05:50:57.969Z", "history_change_reason": null, "history_type": "+", "history_user": 2}}, {"model": "users.historicaluserprofile", "pk": 21, "fields": {"id": 7, "created": "2025-07-09T05:50:57.951Z", "updated": "2025-07-09T05:50:57.983Z", "is_active": true, "first_name": "Finance Officer", "last_name": null, "profile_id": "0007", "email": "fo@gmail.com", "mobile": "+91 9074117626", "whatsapp": null, "photo": "", "creator": 2, "user": null, "history_date": "2025-07-09T05:50:57.996Z", "history_change_reason": null, "history_type": "~", "history_user": 2}}, {"model": "users.historicaluserprofile", "pk": 22, "fields": {"id": 7, "created": "2025-07-09T05:50:57.951Z", "updated": "2025-07-09T05:51:11.533Z", "is_active": true, "first_name": "Finance Officer", "last_name": null, "profile_id": "0007", "email": "fo@gmail.com", "mobile": "+91 9074117626", "whatsapp": null, "photo": "", "creator": 2, "user": 8, "history_date": "2025-07-09T05:51:11.547Z", "history_change_reason": null, "history_type": "~", "history_user": 2}}, {"model": "users.historicaluserprofile", "pk": 23, "fields": {"id": 8, "created": "2025-07-09T05:57:31.731Z", "updated": "2025-07-09T05:57:31.731Z", "is_active": true, "first_name": "Jamia Nadwiyya", "last_name": "Sharia College", "profile_id": "0008", "email": "jn_shariya_collage@gmail.com", "mobile": "+91 9074117626", "whatsapp": null, "photo": "", "creator": null, "user": null, "history_date": "2025-07-09T05:57:31.736Z", "history_change_reason": null, "history_type": "+", "history_user": 2}}, {"model": "users.historicaluserprofile", "pk": 24, "fields": {"id": 8, "created": "2025-07-09T05:57:31.731Z", "updated": "2025-07-09T05:57:31.743Z", "is_active": true, "first_name": "Jamia Nadwiyya", "last_name": "Sharia College", "profile_id": "0008", "email": "jn_shariya_collage@gmail.com", "mobile": "+91 9074117626", "whatsapp": null, "photo": "", "creator": 2, "user": null, "history_date": "2025-07-09T05:57:31.747Z", "history_change_reason": null, "history_type": "~", "history_user": 2}}, {"model": "users.historicaluserprofile", "pk": 25, "fields": {"id": 8, "created": "2025-07-09T05:57:31.731Z", "updated": "2025-07-09T05:57:43.156Z", "is_active": true, "first_name": "Jamia Nadwiyya", "last_name": "Sharia College", "profile_id": "0008", "email": "jn_shariya_collage@gmail.com", "mobile": "+91 9074117626", "whatsapp": null, "photo": "", "creator": 2, "user": 9, "history_date": "2025-07-09T05:57:43.159Z", "history_change_reason": null, "history_type": "~", "history_user": 2}}, {"model": "users.historicaluserprofile", "pk": 26, "fields": {"id": 8, "created": "2025-07-09T05:57:31.731Z", "updated": "2025-07-09T05:58:32.603Z", "is_active": true, "first_name": "Jamia Nadwiyya", "last_name": "Sharia College", "profile_id": "0008", "email": "jnsc@gmail.com", "mobile": "+91 9074117626", "whatsapp": null, "photo": "", "creator": 2, "user": 9, "history_date": "2025-07-09T05:58:32.609Z", "history_change_reason": null, "history_type": "~", "history_user": 2}}, {"model": "users.historicaluserprofile", "pk": 27, "fields": {"id": 9, "created": "2025-07-09T06:03:50.122Z", "updated": "2025-07-09T06:03:50.122Z", "is_active": true, "first_name": "Jamia Nadwiyya", "last_name": "Women's Arabic College", "profile_id": "0009", "email": "jnwac@gmail.com", "mobile": "+91 96052 67168", "whatsapp": null, "photo": "", "creator": null, "user": null, "history_date": "2025-07-09T06:03:50.129Z", "history_change_reason": null, "history_type": "+", "history_user": 2}}, {"model": "users.historicaluserprofile", "pk": 28, "fields": {"id": 9, "created": "2025-07-09T06:03:50.122Z", "updated": "2025-07-09T06:03:50.136Z", "is_active": true, "first_name": "Jamia Nadwiyya", "last_name": "Women's Arabic College", "profile_id": "0009", "email": "jnwac@gmail.com", "mobile": "+91 96052 67168", "whatsapp": null, "photo": "", "creator": 2, "user": null, "history_date": "2025-07-09T06:03:50.140Z", "history_change_reason": null, "history_type": "~", "history_user": 2}}, {"model": "users.historicaluserprofile", "pk": 29, "fields": {"id": 9, "created": "2025-07-09T06:03:50.122Z", "updated": "2025-07-09T06:04:03.285Z", "is_active": true, "first_name": "Jamia Nadwiyya", "last_name": "Women's Arabic College", "profile_id": "0009", "email": "jnwac@gmail.com", "mobile": "+91 96052 67168", "whatsapp": null, "photo": "", "creator": 2, "user": 10, "history_date": "2025-07-09T06:04:03.290Z", "history_change_reason": null, "history_type": "~", "history_user": 2}}, {"model": "users.historicaluserprofile", "pk": 30, "fields": {"id": 10, "created": "2025-07-09T06:06:02.095Z", "updated": "2025-07-09T06:06:02.095Z", "is_active": true, "first_name": "Jamia Nadwiyya", "last_name": "Institute Of Thahfeedul Quran (Boys)", "profile_id": "0010", "email": "jnitqb@gmail.com", "mobile": "+91 9074117626", "whatsapp": null, "photo": "", "creator": null, "user": null, "history_date": "2025-07-09T06:06:02.100Z", "history_change_reason": null, "history_type": "+", "history_user": 2}}, {"model": "users.historicaluserprofile", "pk": 31, "fields": {"id": 10, "created": "2025-07-09T06:06:02.095Z", "updated": "2025-07-09T06:06:02.116Z", "is_active": true, "first_name": "Jamia Nadwiyya", "last_name": "Institute Of Thahfeedul Quran (Boys)", "profile_id": "0010", "email": "jnitqb@gmail.com", "mobile": "+91 9074117626", "whatsapp": null, "photo": "", "creator": 2, "user": null, "history_date": "2025-07-09T06:06:02.125Z", "history_change_reason": null, "history_type": "~", "history_user": 2}}, {"model": "users.historicaluserprofile", "pk": 32, "fields": {"id": 10, "created": "2025-07-09T06:06:02.095Z", "updated": "2025-07-09T06:06:10.306Z", "is_active": true, "first_name": "Jamia Nadwiyya", "last_name": "Institute Of Thahfeedul Quran (Boys)", "profile_id": "0010", "email": "jnitqb@gmail.com", "mobile": "+91 9074117626", "whatsapp": null, "photo": "", "creator": 2, "user": 11, "history_date": "2025-07-09T06:06:10.310Z", "history_change_reason": null, "history_type": "~", "history_user": 2}}, {"model": "users.historicaluserprofile", "pk": 33, "fields": {"id": 11, "created": "2025-07-09T06:07:02.890Z", "updated": "2025-07-09T06:07:02.891Z", "is_active": true, "first_name": "Jamia Nadwiyya", "last_name": "Institute Of Thahfeedul Quran(Girls)", "profile_id": "0011", "email": "jnitqg@gmail.com", "mobile": "+91 9074117626", "whatsapp": null, "photo": "", "creator": null, "user": null, "history_date": "2025-07-09T06:07:02.895Z", "history_change_reason": null, "history_type": "+", "history_user": 2}}, {"model": "users.historicaluserprofile", "pk": 34, "fields": {"id": 11, "created": "2025-07-09T06:07:02.890Z", "updated": "2025-07-09T06:07:02.900Z", "is_active": true, "first_name": "Jamia Nadwiyya", "last_name": "Institute Of Thahfeedul Quran(Girls)", "profile_id": "0011", "email": "jnitqg@gmail.com", "mobile": "+91 9074117626", "whatsapp": null, "photo": "", "creator": 2, "user": null, "history_date": "2025-07-09T06:07:02.904Z", "history_change_reason": null, "history_type": "~", "history_user": 2}}, {"model": "users.historicaluserprofile", "pk": 35, "fields": {"id": 11, "created": "2025-07-09T06:07:02.890Z", "updated": "2025-07-09T06:07:19.497Z", "is_active": true, "first_name": "Jamia Nadwiyya", "last_name": "Institute Of Thahfeedul Quran(Girls)", "profile_id": "0011", "email": "jnitqg@gmail.com", "mobile": "+91 9074117626", "whatsapp": null, "photo": "", "creator": 2, "user": 12, "history_date": "2025-07-09T06:07:19.501Z", "history_change_reason": null, "history_type": "~", "history_user": 2}}, {"model": "users.historicaluserprofile", "pk": 36, "fields": {"id": 12, "created": "2025-07-09T06:09:02.986Z", "updated": "2025-07-09T06:09:02.986Z", "is_active": true, "first_name": "Institute Of Qur'anic", "last_name": "Research And Awareness", "profile_id": "0012", "email": "iqraa@gmail.com", "mobile": "+91 9074117626", "whatsapp": null, "photo": "", "creator": null, "user": null, "history_date": "2025-07-09T06:09:02.991Z", "history_change_reason": null, "history_type": "+", "history_user": 2}}, {"model": "users.historicaluserprofile", "pk": 37, "fields": {"id": 12, "created": "2025-07-09T06:09:02.986Z", "updated": "2025-07-09T06:09:02.998Z", "is_active": true, "first_name": "Institute Of Qur'anic", "last_name": "Research And Awareness", "profile_id": "0012", "email": "iqraa@gmail.com", "mobile": "+91 9074117626", "whatsapp": null, "photo": "", "creator": 2, "user": null, "history_date": "2025-07-09T06:09:03.004Z", "history_change_reason": null, "history_type": "~", "history_user": 2}}, {"model": "users.historicaluserprofile", "pk": 38, "fields": {"id": 12, "created": "2025-07-09T06:09:02.986Z", "updated": "2025-07-09T06:09:17.828Z", "is_active": true, "first_name": "Institute Of Qur'anic", "last_name": "Research And Awareness", "profile_id": "0012", "email": "iqraa@gmail.com", "mobile": "+91 9074117626", "whatsapp": null, "photo": "", "creator": 2, "user": 13, "history_date": "2025-07-09T06:09:17.832Z", "history_change_reason": null, "history_type": "~", "history_user": 2}}, {"model": "users.historicaluserprofile", "pk": 39, "fields": {"id": 13, "created": "2025-07-09T06:10:11.202Z", "updated": "2025-07-09T06:10:11.202Z", "is_active": true, "first_name": "Jamia Nadwiyya", "last_name": "Kulliyyathul Hadith", "profile_id": "0013", "email": "jnkh@gmail.com", "mobile": "+91 9074117626", "whatsapp": null, "photo": "", "creator": null, "user": null, "history_date": "2025-07-09T06:10:11.205Z", "history_change_reason": null, "history_type": "+", "history_user": 2}}, {"model": "users.historicaluserprofile", "pk": 40, "fields": {"id": 13, "created": "2025-07-09T06:10:11.202Z", "updated": "2025-07-09T06:10:11.210Z", "is_active": true, "first_name": "Jamia Nadwiyya", "last_name": "Kulliyyathul Hadith", "profile_id": "0013", "email": "jnkh@gmail.com", "mobile": "+91 9074117626", "whatsapp": null, "photo": "", "creator": 2, "user": null, "history_date": "2025-07-09T06:10:11.214Z", "history_change_reason": null, "history_type": "~", "history_user": 2}}, {"model": "users.historicaluserprofile", "pk": 41, "fields": {"id": 13, "created": "2025-07-09T06:10:11.202Z", "updated": "2025-07-09T06:10:20.254Z", "is_active": true, "first_name": "Jamia Nadwiyya", "last_name": "Kulliyyathul Hadith", "profile_id": "0013", "email": "jnkh@gmail.com", "mobile": "+91 9074117626", "whatsapp": null, "photo": "", "creator": 2, "user": 14, "history_date": "2025-07-09T06:10:20.258Z", "history_change_reason": null, "history_type": "~", "history_user": 2}}, {"model": "users.historicaluserprofile", "pk": 42, "fields": {"id": 14, "created": "2025-07-09T06:11:09.732Z", "updated": "2025-07-09T06:11:09.732Z", "is_active": true, "first_name": "Amity", "last_name": "Global School", "profile_id": "0014", "email": "ags@gmail.com", "mobile": "+91 9074117626", "whatsapp": null, "photo": "", "creator": null, "user": null, "history_date": "2025-07-09T06:11:09.738Z", "history_change_reason": null, "history_type": "+", "history_user": 2}}, {"model": "users.historicaluserprofile", "pk": 43, "fields": {"id": 14, "created": "2025-07-09T06:11:09.732Z", "updated": "2025-07-09T06:11:09.745Z", "is_active": true, "first_name": "Amity", "last_name": "Global School", "profile_id": "0014", "email": "ags@gmail.com", "mobile": "+91 9074117626", "whatsapp": null, "photo": "", "creator": 2, "user": null, "history_date": "2025-07-09T06:11:09.750Z", "history_change_reason": null, "history_type": "~", "history_user": 2}}, {"model": "users.historicaluserprofile", "pk": 44, "fields": {"id": 14, "created": "2025-07-09T06:11:09.732Z", "updated": "2025-07-09T06:11:20.301Z", "is_active": true, "first_name": "Amity", "last_name": "Global School", "profile_id": "0014", "email": "ags@gmail.com", "mobile": "+91 9074117626", "whatsapp": null, "photo": "", "creator": 2, "user": 15, "history_date": "2025-07-09T06:11:20.306Z", "history_change_reason": null, "history_type": "~", "history_user": 2}}, {"model": "users.historicaluserprofile", "pk": 45, "fields": {"id": 15, "created": "2025-07-09T06:12:05.534Z", "updated": "2025-07-09T06:12:05.534Z", "is_active": true, "first_name": "Edavanna Jamia", "last_name": "Higher Secondary School", "profile_id": "0015", "email": "ejhss@gmail.com", "mobile": "+91 9074117626", "whatsapp": null, "photo": "", "creator": null, "user": null, "history_date": "2025-07-09T06:12:05.538Z", "history_change_reason": null, "history_type": "+", "history_user": 2}}, {"model": "users.historicaluserprofile", "pk": 46, "fields": {"id": 15, "created": "2025-07-09T06:12:05.534Z", "updated": "2025-07-09T06:12:05.543Z", "is_active": true, "first_name": "Edavanna Jamia", "last_name": "Higher Secondary School", "profile_id": "0015", "email": "ejhss@gmail.com", "mobile": "+91 9074117626", "whatsapp": null, "photo": "", "creator": 2, "user": null, "history_date": "2025-07-09T06:12:05.547Z", "history_change_reason": null, "history_type": "~", "history_user": 2}}, {"model": "users.historicaluserprofile", "pk": 47, "fields": {"id": 15, "created": "2025-07-09T06:12:05.534Z", "updated": "2025-07-09T06:12:14.662Z", "is_active": true, "first_name": "Edavanna Jamia", "last_name": "Higher Secondary School", "profile_id": "0015", "email": "ejhss@gmail.com", "mobile": "+91 9074117626", "whatsapp": null, "photo": "", "creator": 2, "user": 16, "history_date": "2025-07-09T06:12:14.666Z", "history_change_reason": null, "history_type": "~", "history_user": 2}}, {"model": "users.historicaluserprofile", "pk": 48, "fields": {"id": 16, "created": "2025-07-09T06:13:05.817Z", "updated": "2025-07-09T06:13:05.817Z", "is_active": true, "first_name": "Al Manar", "last_name": "Quranic Pre School", "profile_id": "0016", "email": "amqps@gmail.com", "mobile": "+91 9074117626", "whatsapp": null, "photo": "", "creator": null, "user": null, "history_date": "2025-07-09T06:13:05.824Z", "history_change_reason": null, "history_type": "+", "history_user": 2}}, {"model": "users.historicaluserprofile", "pk": 49, "fields": {"id": 16, "created": "2025-07-09T06:13:05.817Z", "updated": "2025-07-09T06:13:05.830Z", "is_active": true, "first_name": "Al Manar", "last_name": "Quranic Pre School", "profile_id": "0016", "email": "amqps@gmail.com", "mobile": "+91 9074117626", "whatsapp": null, "photo": "", "creator": 2, "user": null, "history_date": "2025-07-09T06:13:05.834Z", "history_change_reason": null, "history_type": "~", "history_user": 2}}, {"model": "users.historicaluserprofile", "pk": 50, "fields": {"id": 16, "created": "2025-07-09T06:13:05.817Z", "updated": "2025-07-09T06:13:13.220Z", "is_active": true, "first_name": "Al Manar", "last_name": "Quranic Pre School", "profile_id": "0016", "email": "amqps@gmail.com", "mobile": "+91 9074117626", "whatsapp": null, "photo": "", "creator": 2, "user": 17, "history_date": "2025-07-09T06:13:13.224Z", "history_change_reason": null, "history_type": "~", "history_user": 2}}, {"model": "users.historicaluserprofile", "pk": 51, "fields": {"id": 17, "created": "2025-07-09T06:13:49.903Z", "updated": "2025-07-09T06:13:49.903Z", "is_active": true, "first_name": "Jamia Nadwiyya", "last_name": "Residential High School", "profile_id": "0017", "email": "jnrhs@gmail.com", "mobile": "+91 9074117626", "whatsapp": null, "photo": "", "creator": null, "user": null, "history_date": "2025-07-09T06:13:49.913Z", "history_change_reason": null, "history_type": "+", "history_user": 2}}, {"model": "users.historicaluserprofile", "pk": 52, "fields": {"id": 17, "created": "2025-07-09T06:13:49.903Z", "updated": "2025-07-09T06:13:49.919Z", "is_active": true, "first_name": "Jamia Nadwiyya", "last_name": "Residential High School", "profile_id": "0017", "email": "jnrhs@gmail.com", "mobile": "+91 9074117626", "whatsapp": null, "photo": "", "creator": 2, "user": null, "history_date": "2025-07-09T06:13:49.923Z", "history_change_reason": null, "history_type": "~", "history_user": 2}}, {"model": "users.historicaluserprofile", "pk": 53, "fields": {"id": 17, "created": "2025-07-09T06:13:49.903Z", "updated": "2025-07-09T06:13:59.158Z", "is_active": true, "first_name": "Jamia Nadwiyya", "last_name": "Residential High School", "profile_id": "0017", "email": "jnrhs@gmail.com", "mobile": "+91 9074117626", "whatsapp": null, "photo": "", "creator": 2, "user": 18, "history_date": "2025-07-09T06:13:59.162Z", "history_change_reason": null, "history_type": "~", "history_user": 2}}, {"model": "users.historicaluserprofile", "pk": 54, "fields": {"id": 18, "created": "2025-07-09T06:14:36.939Z", "updated": "2025-07-09T06:14:36.939Z", "is_active": true, "first_name": "Jamia Nadwiyya", "last_name": "Training College", "profile_id": "0018", "email": "jntc@gmail.com", "mobile": "+91 9074117626", "whatsapp": null, "photo": "", "creator": null, "user": null, "history_date": "2025-07-09T06:14:36.943Z", "history_change_reason": null, "history_type": "+", "history_user": 2}}, {"model": "users.historicaluserprofile", "pk": 55, "fields": {"id": 18, "created": "2025-07-09T06:14:36.939Z", "updated": "2025-07-09T06:14:36.949Z", "is_active": true, "first_name": "Jamia Nadwiyya", "last_name": "Training College", "profile_id": "0018", "email": "jntc@gmail.com", "mobile": "+91 9074117626", "whatsapp": null, "photo": "", "creator": 2, "user": null, "history_date": "2025-07-09T06:14:36.953Z", "history_change_reason": null, "history_type": "~", "history_user": 2}}, {"model": "users.historicaluserprofile", "pk": 56, "fields": {"id": 18, "created": "2025-07-09T06:14:36.939Z", "updated": "2025-07-09T06:14:44.675Z", "is_active": true, "first_name": "Jamia Nadwiyya", "last_name": "Training College", "profile_id": "0018", "email": "jntc@gmail.com", "mobile": "+91 9074117626", "whatsapp": null, "photo": "", "creator": 2, "user": 19, "history_date": "2025-07-09T06:14:44.683Z", "history_change_reason": null, "history_type": "~", "history_user": 2}}, {"model": "users.historicaluserprofile", "pk": 57, "fields": {"id": 19, "created": "2025-07-09T06:15:26.840Z", "updated": "2025-07-09T06:15:26.840Z", "is_active": true, "first_name": "Jamia Nadwiyya", "last_name": "TTI", "profile_id": "0019", "email": "jntti@gmail.com", "mobile": "+91 9074117626", "whatsapp": null, "photo": "", "creator": null, "user": null, "history_date": "2025-07-09T06:15:26.844Z", "history_change_reason": null, "history_type": "+", "history_user": 2}}, {"model": "users.historicaluserprofile", "pk": 58, "fields": {"id": 19, "created": "2025-07-09T06:15:26.840Z", "updated": "2025-07-09T06:15:26.850Z", "is_active": true, "first_name": "Jamia Nadwiyya", "last_name": "TTI", "profile_id": "0019", "email": "jntti@gmail.com", "mobile": "+91 9074117626", "whatsapp": null, "photo": "", "creator": 2, "user": null, "history_date": "2025-07-09T06:15:26.855Z", "history_change_reason": null, "history_type": "~", "history_user": 2}}, {"model": "users.historicaluserprofile", "pk": 59, "fields": {"id": 19, "created": "2025-07-09T06:15:26.840Z", "updated": "2025-07-09T06:15:36.761Z", "is_active": true, "first_name": "Jamia Nadwiyya", "last_name": "TTI", "profile_id": "0019", "email": "jntti@gmail.com", "mobile": "+91 9074117626", "whatsapp": null, "photo": "", "creator": 2, "user": 20, "history_date": "2025-07-09T06:15:36.765Z", "history_change_reason": null, "history_type": "~", "history_user": 2}}, {"model": "users.historicaluserprofile", "pk": 60, "fields": {"id": 20, "created": "2025-07-09T06:16:15.327Z", "updated": "2025-07-09T06:16:15.327Z", "is_active": true, "first_name": "Jamia Nadwiyya", "last_name": "Science Academy", "profile_id": "0020", "email": "jnsa@gmail.com", "mobile": "+91 9074117626", "whatsapp": null, "photo": "", "creator": null, "user": null, "history_date": "2025-07-09T06:16:15.332Z", "history_change_reason": null, "history_type": "+", "history_user": 2}}, {"model": "users.historicaluserprofile", "pk": 61, "fields": {"id": 20, "created": "2025-07-09T06:16:15.327Z", "updated": "2025-07-09T06:16:15.340Z", "is_active": true, "first_name": "Jamia Nadwiyya", "last_name": "Science Academy", "profile_id": "0020", "email": "jnsa@gmail.com", "mobile": "+91 9074117626", "whatsapp": null, "photo": "", "creator": 2, "user": null, "history_date": "2025-07-09T06:16:15.343Z", "history_change_reason": null, "history_type": "~", "history_user": 2}}, {"model": "users.historicaluserprofile", "pk": 62, "fields": {"id": 20, "created": "2025-07-09T06:16:15.327Z", "updated": "2025-07-09T06:16:26.176Z", "is_active": true, "first_name": "Jamia Nadwiyya", "last_name": "Science Academy", "profile_id": "0020", "email": "jnsa@gmail.com", "mobile": "+91 9074117626", "whatsapp": null, "photo": "", "creator": 2, "user": 21, "history_date": "2025-07-09T06:16:26.180Z", "history_change_reason": null, "history_type": "~", "history_user": 2}}, {"model": "users.historicaluserprofile", "pk": 63, "fields": {"id": 21, "created": "2025-07-09T06:17:11.208Z", "updated": "2025-07-09T06:17:11.208Z", "is_active": true, "first_name": "Jamia Nadwiyya", "last_name": "Arts & Science College", "profile_id": "0021", "email": "jnasc@gmail.com", "mobile": "+91 9074117626", "whatsapp": null, "photo": "", "creator": null, "user": null, "history_date": "2025-07-09T06:17:11.212Z", "history_change_reason": null, "history_type": "+", "history_user": 2}}, {"model": "users.historicaluserprofile", "pk": 64, "fields": {"id": 21, "created": "2025-07-09T06:17:11.208Z", "updated": "2025-07-09T06:17:11.219Z", "is_active": true, "first_name": "Jamia Nadwiyya", "last_name": "Arts & Science College", "profile_id": "0021", "email": "jnasc@gmail.com", "mobile": "+91 9074117626", "whatsapp": null, "photo": "", "creator": 2, "user": null, "history_date": "2025-07-09T06:17:11.223Z", "history_change_reason": null, "history_type": "~", "history_user": 2}}, {"model": "users.historicaluserprofile", "pk": 65, "fields": {"id": 21, "created": "2025-07-09T06:17:11.208Z", "updated": "2025-07-09T06:17:20.203Z", "is_active": true, "first_name": "Jamia Nadwiyya", "last_name": "Arts & Science College", "profile_id": "0021", "email": "jnasc@gmail.com", "mobile": "+91 9074117626", "whatsapp": null, "photo": "", "creator": 2, "user": 22, "history_date": "2025-07-09T06:17:20.207Z", "history_change_reason": null, "history_type": "~", "history_user": 2}}, {"model": "users.historicaluserprofile", "pk": 66, "fields": {"id": 22, "created": "2025-07-09T06:18:19.543Z", "updated": "2025-07-09T06:18:19.543Z", "is_active": true, "first_name": "JNE", "last_name": "SIIS Academy", "profile_id": "0022", "email": "jnesiisa@gmail.com", "mobile": "+91 9074117626", "whatsapp": null, "photo": "", "creator": null, "user": null, "history_date": "2025-07-09T06:18:19.547Z", "history_change_reason": null, "history_type": "+", "history_user": 2}}, {"model": "users.historicaluserprofile", "pk": 67, "fields": {"id": 22, "created": "2025-07-09T06:18:19.543Z", "updated": "2025-07-09T06:18:19.554Z", "is_active": true, "first_name": "JNE", "last_name": "SIIS Academy", "profile_id": "0022", "email": "jnesiisa@gmail.com", "mobile": "+91 9074117626", "whatsapp": null, "photo": "", "creator": 2, "user": null, "history_date": "2025-07-09T06:18:19.561Z", "history_change_reason": null, "history_type": "~", "history_user": 2}}, {"model": "users.historicaluserprofile", "pk": 68, "fields": {"id": 22, "created": "2025-07-09T06:18:19.543Z", "updated": "2025-07-09T06:18:27.749Z", "is_active": true, "first_name": "JNE", "last_name": "SIIS Academy", "profile_id": "0022", "email": "jnesiisa@gmail.com", "mobile": "+91 9074117626", "whatsapp": null, "photo": "", "creator": 2, "user": 23, "history_date": "2025-07-09T06:18:27.753Z", "history_change_reason": null, "history_type": "~", "history_user": 2}}, {"model": "users.historicaluserprofile", "pk": 69, "fields": {"id": 23, "created": "2025-07-09T06:19:09.048Z", "updated": "2025-07-09T06:19:09.048Z", "is_active": true, "first_name": "Jamia Nadwiyya", "last_name": "Creative Women Campus", "profile_id": "0023", "email": "jncwc@gmail.com", "mobile": "+91 9074117626", "whatsapp": null, "photo": "", "creator": null, "user": null, "history_date": "2025-07-09T06:19:09.053Z", "history_change_reason": null, "history_type": "+", "history_user": 2}}, {"model": "users.historicaluserprofile", "pk": 70, "fields": {"id": 23, "created": "2025-07-09T06:19:09.048Z", "updated": "2025-07-09T06:19:09.059Z", "is_active": true, "first_name": "Jamia Nadwiyya", "last_name": "Creative Women Campus", "profile_id": "0023", "email": "jncwc@gmail.com", "mobile": "+91 9074117626", "whatsapp": null, "photo": "", "creator": 2, "user": null, "history_date": "2025-07-09T06:19:09.063Z", "history_change_reason": null, "history_type": "~", "history_user": 2}}, {"model": "users.historicaluserprofile", "pk": 71, "fields": {"id": 23, "created": "2025-07-09T06:19:09.048Z", "updated": "2025-07-09T06:19:16.935Z", "is_active": true, "first_name": "Jamia Nadwiyya", "last_name": "Creative Women Campus", "profile_id": "0023", "email": "jncwc@gmail.com", "mobile": "+91 9074117626", "whatsapp": null, "photo": "", "creator": 2, "user": 24, "history_date": "2025-07-09T06:19:16.941Z", "history_change_reason": null, "history_type": "~", "history_user": 2}}, {"model": "users.historicaluserprofile", "pk": 72, "fields": {"id": 24, "created": "2025-07-09T06:20:00.323Z", "updated": "2025-07-09T06:20:00.323Z", "is_active": true, "first_name": "JNE", "last_name": "Girls Higher Secondary School", "profile_id": "0024", "email": "jneghss@gmail.com", "mobile": "+91 9074117626", "whatsapp": null, "photo": "", "creator": null, "user": null, "history_date": "2025-07-09T06:20:00.351Z", "history_change_reason": null, "history_type": "+", "history_user": 2}}, {"model": "users.historicaluserprofile", "pk": 73, "fields": {"id": 24, "created": "2025-07-09T06:20:00.323Z", "updated": "2025-07-09T06:20:00.360Z", "is_active": true, "first_name": "JNE", "last_name": "Girls Higher Secondary School", "profile_id": "0024", "email": "jneghss@gmail.com", "mobile": "+91 9074117626", "whatsapp": null, "photo": "", "creator": 2, "user": null, "history_date": "2025-07-09T06:20:00.365Z", "history_change_reason": null, "history_type": "~", "history_user": 2}}, {"model": "users.historicaluserprofile", "pk": 74, "fields": {"id": 24, "created": "2025-07-09T06:20:00.323Z", "updated": "2025-07-09T06:20:08.542Z", "is_active": true, "first_name": "JNE", "last_name": "Girls Higher Secondary School", "profile_id": "0024", "email": "jneghss@gmail.com", "mobile": "+91 9074117626", "whatsapp": null, "photo": "", "creator": 2, "user": 25, "history_date": "2025-07-09T06:20:08.548Z", "history_change_reason": null, "history_type": "~", "history_user": 2}}, {"model": "users.historicaluserprofile", "pk": 75, "fields": {"id": 25, "created": "2025-07-09T06:20:31.846Z", "updated": "2025-07-09T06:20:31.846Z", "is_active": true, "first_name": "Library", "last_name": null, "profile_id": "0025", "email": "library@gmail.com", "mobile": "+91 9074117626", "whatsapp": null, "photo": "", "creator": null, "user": null, "history_date": "2025-07-09T06:20:31.849Z", "history_change_reason": null, "history_type": "+", "history_user": 2}}, {"model": "users.historicaluserprofile", "pk": 76, "fields": {"id": 25, "created": "2025-07-09T06:20:31.846Z", "updated": "2025-07-09T06:20:31.858Z", "is_active": true, "first_name": "Library", "last_name": null, "profile_id": "0025", "email": "library@gmail.com", "mobile": "+91 9074117626", "whatsapp": null, "photo": "", "creator": 2, "user": null, "history_date": "2025-07-09T06:20:31.861Z", "history_change_reason": null, "history_type": "~", "history_user": 2}}, {"model": "users.historicaluserprofile", "pk": 77, "fields": {"id": 25, "created": "2025-07-09T06:20:31.846Z", "updated": "2025-07-09T06:20:40.617Z", "is_active": true, "first_name": "Library", "last_name": null, "profile_id": "0025", "email": "library@gmail.com", "mobile": "+91 9074117626", "whatsapp": null, "photo": "", "creator": 2, "user": 26, "history_date": "2025-07-09T06:20:40.626Z", "history_change_reason": null, "history_type": "~", "history_user": 2}}, {"model": "users.historicaluserprofile", "pk": 78, "fields": {"id": 26, "created": "2025-07-09T06:21:24.380Z", "updated": "2025-07-09T06:21:24.380Z", "is_active": true, "first_name": "NCPUL", "last_name": "Study Centre", "profile_id": "0026", "email": "study_centre@gmail.com", "mobile": "+91 9074117626", "whatsapp": null, "photo": "", "creator": null, "user": null, "history_date": "2025-07-09T06:21:24.387Z", "history_change_reason": null, "history_type": "+", "history_user": 2}}, {"model": "users.historicaluserprofile", "pk": 79, "fields": {"id": 26, "created": "2025-07-09T06:21:24.380Z", "updated": "2025-07-09T06:21:24.394Z", "is_active": true, "first_name": "NCPUL", "last_name": "Study Centre", "profile_id": "0026", "email": "study_centre@gmail.com", "mobile": "+91 9074117626", "whatsapp": null, "photo": "", "creator": 2, "user": null, "history_date": "2025-07-09T06:21:24.399Z", "history_change_reason": null, "history_type": "~", "history_user": 2}}, {"model": "users.historicaluserprofile", "pk": 80, "fields": {"id": 26, "created": "2025-07-09T06:21:24.380Z", "updated": "2025-07-09T06:21:35.054Z", "is_active": true, "first_name": "NCPUL", "last_name": "Study Centre", "profile_id": "0026", "email": "study_centre@gmail.com", "mobile": "+91 9074117626", "whatsapp": null, "photo": "", "creator": 2, "user": 27, "history_date": "2025-07-09T06:21:35.059Z", "history_change_reason": null, "history_type": "~", "history_user": 2}}, {"model": "users.historicaluserprofile", "pk": 81, "fields": {"id": 26, "created": "2025-07-09T06:21:24.380Z", "updated": "2025-07-09T06:22:09.013Z", "is_active": true, "first_name": "NCPUL", "last_name": "Study Centre", "profile_id": "0026", "email": "ncpulsc@gmail.com", "mobile": "+91 9074117626", "whatsapp": null, "photo": "", "creator": 2, "user": 27, "history_date": "2025-07-09T06:22:09.018Z", "history_change_reason": null, "history_type": "~", "history_user": 2}}, {"model": "users.historicaluserprofile", "pk": 82, "fields": {"id": 27, "created": "2025-07-09T06:23:06.299Z", "updated": "2025-07-09T06:23:06.299Z", "is_active": true, "first_name": "IGNOU", "last_name": "Study Centre", "profile_id": "0027", "email": "ignousc@gmail.com", "mobile": "+91 9074117626", "whatsapp": null, "photo": "", "creator": null, "user": null, "history_date": "2025-07-09T06:23:06.304Z", "history_change_reason": null, "history_type": "+", "history_user": 2}}, {"model": "users.historicaluserprofile", "pk": 83, "fields": {"id": 27, "created": "2025-07-09T06:23:06.299Z", "updated": "2025-07-09T06:23:06.311Z", "is_active": true, "first_name": "IGNOU", "last_name": "Study Centre", "profile_id": "0027", "email": "ignousc@gmail.com", "mobile": "+91 9074117626", "whatsapp": null, "photo": "", "creator": 2, "user": null, "history_date": "2025-07-09T06:23:06.315Z", "history_change_reason": null, "history_type": "~", "history_user": 2}}, {"model": "users.historicaluserprofile", "pk": 84, "fields": {"id": 27, "created": "2025-07-09T06:23:06.299Z", "updated": "2025-07-09T06:23:14.513Z", "is_active": true, "first_name": "IGNOU", "last_name": "Study Centre", "profile_id": "0027", "email": "ignousc@gmail.com", "mobile": "+91 9074117626", "whatsapp": null, "photo": "", "creator": 2, "user": 28, "history_date": "2025-07-09T06:23:14.518Z", "history_change_reason": null, "history_type": "~", "history_user": 2}}, {"model": "users.historicaluserprofile", "pk": 85, "fields": {"id": 28, "created": "2025-07-09T06:24:04.512Z", "updated": "2025-07-09T06:24:04.512Z", "is_active": true, "first_name": "Sub Centre For", "last_name": "Coaching The Muslim Youth", "profile_id": "0028", "email": "sccmy@gmail.com", "mobile": "+91 9074117626", "whatsapp": null, "photo": "", "creator": null, "user": null, "history_date": "2025-07-09T06:24:04.517Z", "history_change_reason": null, "history_type": "+", "history_user": 2}}, {"model": "users.historicaluserprofile", "pk": 86, "fields": {"id": 28, "created": "2025-07-09T06:24:04.512Z", "updated": "2025-07-09T06:24:04.523Z", "is_active": true, "first_name": "Sub Centre For", "last_name": "Coaching The Muslim Youth", "profile_id": "0028", "email": "sccmy@gmail.com", "mobile": "+91 9074117626", "whatsapp": null, "photo": "", "creator": 2, "user": null, "history_date": "2025-07-09T06:24:04.527Z", "history_change_reason": null, "history_type": "~", "history_user": 2}}, {"model": "users.historicaluserprofile", "pk": 87, "fields": {"id": 28, "created": "2025-07-09T06:24:04.512Z", "updated": "2025-07-09T06:24:12.752Z", "is_active": true, "first_name": "Sub Centre For", "last_name": "Coaching The Muslim Youth", "profile_id": "0028", "email": "sccmy@gmail.com", "mobile": "+91 9074117626", "whatsapp": null, "photo": "", "creator": 2, "user": 29, "history_date": "2025-07-09T06:24:12.756Z", "history_change_reason": null, "history_type": "~", "history_user": 2}}, {"model": "users.historicaluserprofile", "pk": 88, "fields": {"id": 28, "created": "2025-07-09T06:24:04.512Z", "updated": "2025-07-09T10:03:11.066Z", "is_active": true, "first_name": "Sub Centre For", "last_name": "Coaching The Muslim Youth", "profile_id": "0028", "email": "sccmy@gmail.com", "mobile": "+91 9074117626", "whatsapp": null, "photo": "", "creator": 2, "user": 29, "history_date": "2025-07-09T10:03:11.070Z", "history_change_reason": null, "history_type": "~", "history_user": 2}}, {"model": "users.historicaluserprofile", "pk": 89, "fields": {"id": 29, "created": "2025-07-21T11:38:48.968Z", "updated": "2025-07-21T11:38:48.968Z", "is_active": true, "first_name": "Office", "last_name": "Executive", "profile_id": "0029", "email": "oe@gmail.com", "mobile": null, "whatsapp": null, "photo": "", "creator": null, "user": null, "history_date": "2025-07-21T11:38:48.991Z", "history_change_reason": null, "history_type": "+", "history_user": 2}}, {"model": "users.historicaluserprofile", "pk": 90, "fields": {"id": 29, "created": "2025-07-21T11:38:48.968Z", "updated": "2025-07-21T11:38:49.019Z", "is_active": true, "first_name": "Office", "last_name": "Executive", "profile_id": "0029", "email": "oe@gmail.com", "mobile": null, "whatsapp": null, "photo": "", "creator": 2, "user": null, "history_date": "2025-07-21T11:38:49.023Z", "history_change_reason": null, "history_type": "~", "history_user": 2}}, {"model": "users.historicaluserprofile", "pk": 91, "fields": {"id": 29, "created": "2025-07-21T11:38:48.968Z", "updated": "2025-07-21T11:38:58.177Z", "is_active": true, "first_name": "Office", "last_name": "Executive", "profile_id": "0029", "email": "oe@gmail.com", "mobile": null, "whatsapp": null, "photo": "", "creator": 2, "user": 30, "history_date": "2025-07-21T11:38:58.182Z", "history_change_reason": null, "history_type": "~", "history_user": 2}}, {"model": "users.historicaluserprofile", "pk": 92, "fields": {"id": 30, "created": "2025-07-29T09:00:37.900Z", "updated": "2025-07-29T09:00:37.900Z", "is_active": true, "first_name": "Admin", "last_name": "Block", "profile_id": "0030", "email": "admin_block@gmail.com", "mobile": null, "whatsapp": null, "photo": "", "creator": null, "user": null, "history_date": "2025-07-29T09:00:37.907Z", "history_change_reason": null, "history_type": "+", "history_user": 2}}, {"model": "users.historicaluserprofile", "pk": 93, "fields": {"id": 30, "created": "2025-07-29T09:00:37.900Z", "updated": "2025-07-29T09:00:37.932Z", "is_active": true, "first_name": "Admin", "last_name": "Block", "profile_id": "0030", "email": "admin_block@gmail.com", "mobile": null, "whatsapp": null, "photo": "", "creator": 2, "user": null, "history_date": "2025-07-29T09:00:37.936Z", "history_change_reason": null, "history_type": "~", "history_user": 2}}, {"model": "users.historicaluserprofile", "pk": 94, "fields": {"id": 30, "created": "2025-07-29T09:00:37.900Z", "updated": "2025-07-29T09:00:46.528Z", "is_active": true, "first_name": "Admin", "last_name": "Block", "profile_id": "0030", "email": "admin_block@gmail.com", "mobile": null, "whatsapp": null, "photo": "", "creator": 2, "user": 31, "history_date": "2025-07-29T09:00:46.536Z", "history_change_reason": null, "history_type": "~", "history_user": 2}}, {"model": "users.userprofile", "pk": 1, "fields": {"created": "2025-07-09T05:34:20.680Z", "updated": "2025-07-09T05:34:37.052Z", "creator": 1, "is_active": true, "user": 2, "first_name": "Director", "last_name": null, "profile_id": "0001", "email": "director@gmail.com", "mobile": "+91 9074117626", "whatsapp": null, "photo": ""}}, {"model": "users.userprofile", "pk": 2, "fields": {"created": "2025-07-09T05:44:16.212Z", "updated": "2025-07-09T05:44:34.372Z", "creator": 2, "is_active": true, "user": 3, "first_name": "Public Relation Officer", "last_name": null, "profile_id": "0002", "email": "pro@gmail.com", "mobile": "+91 9074117626", "whatsapp": null, "photo": ""}}, {"model": "users.userprofile", "pk": 3, "fields": {"created": "2025-07-09T05:46:36.838Z", "updated": "2025-07-09T05:46:49.428Z", "creator": 2, "is_active": true, "user": 4, "first_name": "Chief Relation Officer", "last_name": null, "profile_id": "0003", "email": "cro@gmail.com", "mobile": "+91 9074117626", "whatsapp": null, "photo": ""}}, {"model": "users.userprofile", "pk": 4, "fields": {"created": "2025-07-09T05:47:25.252Z", "updated": "2025-07-09T05:48:39.231Z", "creator": 2, "is_active": true, "user": 6, "first_name": "Assistant Administrator", "last_name": null, "profile_id": "0004", "email": "aa@gmail.com", "mobile": "+91 9074117626", "whatsapp": null, "photo": ""}}, {"model": "users.userprofile", "pk": 5, "fields": {"created": "2025-07-09T05:47:25.409Z", "updated": "2025-07-09T05:47:40.207Z", "creator": 2, "is_active": true, "user": 5, "first_name": "Chief Academic Officer", "last_name": null, "profile_id": "0005", "email": "cao@gmail.com", "mobile": "+91 9074117626", "whatsapp": null, "photo": ""}}, {"model": "users.userprofile", "pk": 6, "fields": {"created": "2025-07-09T05:49:48.440Z", "updated": "2025-07-09T05:50:00.913Z", "creator": 2, "is_active": true, "user": 7, "first_name": "Admin Coordinator", "last_name": null, "profile_id": "0006", "email": "ac@gmail.com", "mobile": "+91 9074117626", "whatsapp": null, "photo": ""}}, {"model": "users.userprofile", "pk": 7, "fields": {"created": "2025-07-09T05:50:57.951Z", "updated": "2025-07-09T05:51:11.533Z", "creator": 2, "is_active": true, "user": 8, "first_name": "Finance Officer", "last_name": null, "profile_id": "0007", "email": "fo@gmail.com", "mobile": "+91 9074117626", "whatsapp": null, "photo": ""}}, {"model": "users.userprofile", "pk": 8, "fields": {"created": "2025-07-09T05:57:31.731Z", "updated": "2025-07-09T05:58:32.603Z", "creator": 2, "is_active": true, "user": 9, "first_name": "Jamia Nadwiyya", "last_name": "Sharia College", "profile_id": "0008", "email": "jnsc@gmail.com", "mobile": "+91 9074117626", "whatsapp": null, "photo": ""}}, {"model": "users.userprofile", "pk": 9, "fields": {"created": "2025-07-09T06:03:50.122Z", "updated": "2025-07-09T06:04:03.285Z", "creator": 2, "is_active": true, "user": 10, "first_name": "Jamia Nadwiyya", "last_name": "Women's Arabic College", "profile_id": "0009", "email": "jnwac@gmail.com", "mobile": "+91 96052 67168", "whatsapp": null, "photo": ""}}, {"model": "users.userprofile", "pk": 10, "fields": {"created": "2025-07-09T06:06:02.095Z", "updated": "2025-07-09T06:06:10.306Z", "creator": 2, "is_active": true, "user": 11, "first_name": "Jamia Nadwiyya", "last_name": "Institute Of Thahfeedul Quran (Boys)", "profile_id": "0010", "email": "jnitqb@gmail.com", "mobile": "+91 9074117626", "whatsapp": null, "photo": ""}}, {"model": "users.userprofile", "pk": 11, "fields": {"created": "2025-07-09T06:07:02.890Z", "updated": "2025-07-09T06:07:19.497Z", "creator": 2, "is_active": true, "user": 12, "first_name": "Jamia Nadwiyya", "last_name": "Institute Of Thahfeedul Quran(Girls)", "profile_id": "0011", "email": "jnitqg@gmail.com", "mobile": "+91 9074117626", "whatsapp": null, "photo": ""}}, {"model": "users.userprofile", "pk": 12, "fields": {"created": "2025-07-09T06:09:02.986Z", "updated": "2025-07-09T06:09:17.828Z", "creator": 2, "is_active": true, "user": 13, "first_name": "Institute Of Qur'anic", "last_name": "Research And Awareness", "profile_id": "0012", "email": "iqraa@gmail.com", "mobile": "+91 9074117626", "whatsapp": null, "photo": ""}}, {"model": "users.userprofile", "pk": 13, "fields": {"created": "2025-07-09T06:10:11.202Z", "updated": "2025-07-09T06:10:20.254Z", "creator": 2, "is_active": true, "user": 14, "first_name": "Jamia Nadwiyya", "last_name": "Kulliyyathul Hadith", "profile_id": "0013", "email": "jnkh@gmail.com", "mobile": "+91 9074117626", "whatsapp": null, "photo": ""}}, {"model": "users.userprofile", "pk": 14, "fields": {"created": "2025-07-09T06:11:09.732Z", "updated": "2025-07-09T06:11:20.301Z", "creator": 2, "is_active": true, "user": 15, "first_name": "Amity", "last_name": "Global School", "profile_id": "0014", "email": "ags@gmail.com", "mobile": "+91 9074117626", "whatsapp": null, "photo": ""}}, {"model": "users.userprofile", "pk": 15, "fields": {"created": "2025-07-09T06:12:05.534Z", "updated": "2025-07-09T06:12:14.662Z", "creator": 2, "is_active": true, "user": 16, "first_name": "Edavanna Jamia", "last_name": "Higher Secondary School", "profile_id": "0015", "email": "ejhss@gmail.com", "mobile": "+91 9074117626", "whatsapp": null, "photo": ""}}, {"model": "users.userprofile", "pk": 16, "fields": {"created": "2025-07-09T06:13:05.817Z", "updated": "2025-07-09T06:13:13.220Z", "creator": 2, "is_active": true, "user": 17, "first_name": "Al Manar", "last_name": "Quranic Pre School", "profile_id": "0016", "email": "amqps@gmail.com", "mobile": "+91 9074117626", "whatsapp": null, "photo": ""}}, {"model": "users.userprofile", "pk": 17, "fields": {"created": "2025-07-09T06:13:49.903Z", "updated": "2025-07-09T06:13:59.158Z", "creator": 2, "is_active": true, "user": 18, "first_name": "Jamia Nadwiyya", "last_name": "Residential High School", "profile_id": "0017", "email": "jnrhs@gmail.com", "mobile": "+91 9074117626", "whatsapp": null, "photo": ""}}, {"model": "users.userprofile", "pk": 18, "fields": {"created": "2025-07-09T06:14:36.939Z", "updated": "2025-07-09T06:14:44.675Z", "creator": 2, "is_active": true, "user": 19, "first_name": "Jamia Nadwiyya", "last_name": "Training College", "profile_id": "0018", "email": "jntc@gmail.com", "mobile": "+91 9074117626", "whatsapp": null, "photo": ""}}, {"model": "users.userprofile", "pk": 19, "fields": {"created": "2025-07-09T06:15:26.840Z", "updated": "2025-07-09T06:15:36.761Z", "creator": 2, "is_active": true, "user": 20, "first_name": "Jamia Nadwiyya", "last_name": "TTI", "profile_id": "0019", "email": "jntti@gmail.com", "mobile": "+91 9074117626", "whatsapp": null, "photo": ""}}, {"model": "users.userprofile", "pk": 20, "fields": {"created": "2025-07-09T06:16:15.327Z", "updated": "2025-07-09T06:16:26.176Z", "creator": 2, "is_active": true, "user": 21, "first_name": "Jamia Nadwiyya", "last_name": "Science Academy", "profile_id": "0020", "email": "jnsa@gmail.com", "mobile": "+91 9074117626", "whatsapp": null, "photo": ""}}, {"model": "users.userprofile", "pk": 21, "fields": {"created": "2025-07-09T06:17:11.208Z", "updated": "2025-07-09T06:17:20.203Z", "creator": 2, "is_active": true, "user": 22, "first_name": "Jamia Nadwiyya", "last_name": "Arts & Science College", "profile_id": "0021", "email": "jnasc@gmail.com", "mobile": "+91 9074117626", "whatsapp": null, "photo": ""}}, {"model": "users.userprofile", "pk": 22, "fields": {"created": "2025-07-09T06:18:19.543Z", "updated": "2025-07-09T06:18:27.749Z", "creator": 2, "is_active": true, "user": 23, "first_name": "JNE", "last_name": "SIIS Academy", "profile_id": "0022", "email": "jnesiisa@gmail.com", "mobile": "+91 9074117626", "whatsapp": null, "photo": ""}}, {"model": "users.userprofile", "pk": 23, "fields": {"created": "2025-07-09T06:19:09.048Z", "updated": "2025-07-09T06:19:16.935Z", "creator": 2, "is_active": true, "user": 24, "first_name": "Jamia Nadwiyya", "last_name": "Creative Women Campus", "profile_id": "0023", "email": "jncwc@gmail.com", "mobile": "+91 9074117626", "whatsapp": null, "photo": ""}}, {"model": "users.userprofile", "pk": 24, "fields": {"created": "2025-07-09T06:20:00.323Z", "updated": "2025-07-09T06:20:08.542Z", "creator": 2, "is_active": true, "user": 25, "first_name": "JNE", "last_name": "Girls Higher Secondary School", "profile_id": "0024", "email": "jneghss@gmail.com", "mobile": "+91 9074117626", "whatsapp": null, "photo": ""}}, {"model": "users.userprofile", "pk": 25, "fields": {"created": "2025-07-09T06:20:31.846Z", "updated": "2025-07-09T06:20:40.617Z", "creator": 2, "is_active": true, "user": 26, "first_name": "Library", "last_name": null, "profile_id": "0025", "email": "library@gmail.com", "mobile": "+91 9074117626", "whatsapp": null, "photo": ""}}, {"model": "users.userprofile", "pk": 26, "fields": {"created": "2025-07-09T06:21:24.380Z", "updated": "2025-07-09T06:22:09.013Z", "creator": 2, "is_active": true, "user": 27, "first_name": "NCPUL", "last_name": "Study Centre", "profile_id": "0026", "email": "ncpulsc@gmail.com", "mobile": "+91 9074117626", "whatsapp": null, "photo": ""}}, {"model": "users.userprofile", "pk": 27, "fields": {"created": "2025-07-09T06:23:06.299Z", "updated": "2025-07-09T06:23:14.513Z", "creator": 2, "is_active": true, "user": 28, "first_name": "IGNOU", "last_name": "Study Centre", "profile_id": "0027", "email": "ignousc@gmail.com", "mobile": "+91 9074117626", "whatsapp": null, "photo": ""}}, {"model": "users.userprofile", "pk": 28, "fields": {"created": "2025-07-09T06:24:04.512Z", "updated": "2025-07-09T10:03:11.066Z", "creator": 2, "is_active": true, "user": 29, "first_name": "Sub Centre For", "last_name": "Coaching The Muslim Youth", "profile_id": "0028", "email": "sccmy@gmail.com", "mobile": "+91 9074117626", "whatsapp": null, "photo": ""}}, {"model": "users.userprofile", "pk": 29, "fields": {"created": "2025-07-21T11:38:48.968Z", "updated": "2025-07-21T11:38:58.177Z", "creator": 2, "is_active": true, "user": 30, "first_name": "Office", "last_name": "Executive", "profile_id": "0029", "email": "oe@gmail.com", "mobile": null, "whatsapp": null, "photo": ""}}, {"model": "users.userprofile", "pk": 30, "fields": {"created": "2025-07-29T09:00:37.900Z", "updated": "2025-07-29T09:00:46.528Z", "creator": 2, "is_active": true, "user": 31, "first_name": "Admin", "last_name": "Block", "profile_id": "0030", "email": "admin_block@gmail.com", "mobile": null, "whatsapp": null, "photo": ""}}]